date,INC,GEO,trail
2024-01-09,-22.63565084775798,-39.19208594600491,0.8265750397830718
2024-01-10,-3.1350397075983896,-15.127178901608788,0.7995917863253322
2024-01-11,-25.51823780111394,-12.061268046637863,0.7734947904254422
2024-01-12,11.676218993621763,52.98610475556891,0.7890787253162788
2024-01-15,0.94062414740484,-18.785309361568835,0.7807581827747373
2024-01-16,-13.932432038692513,47.7400655502565,0.7462783217692636
2024-01-17,39.52322240946795,0.3311283478273821,0.7614690848889771
2024-01-18,11.389663366061276,10.626929264436676,0.7627926937584864
2024-01-19,8.777615513191481,3.6026463372070205,0.7447325518162503
2024-01-22,31.68816540100574,-6.915122981997083,0.7299618550736786
2024-01-23,-7.155384945332934,28.832390235904363,0.7236977520515862
2024-01-24,-2.4305871279715596,1.5138367927158995,0.7147507612489791
2024-01-25,-27.35132527698593,-28.30128572910211,0.7146739619395304
2024-01-26,-20.272945396900404,-31.1240509655483,0.7068020812698719
2024-01-29,-7.88459982276928,14.310654370015428,0.6948512445968453
2024-01-30,-10.620435584908797,20.340294113660562,0.6913433955979478
2024-01-31,64.85004359674889,-9.675203296681797,0.6825580607970381
2024-02-01,92.57643291490618,58.12478238194798,0.6798411001410056
2024-02-02,27.464841962085472,-29.97865703819147,0.6933588777348891
2024-02-05,24.553069055755138,78.8480474844335,0.6798374558429165
2024-02-06,-24.551794426580635,-38.530549378220826,0.6763829849447073
2024-02-07,-3.5009178650144,-25.51750283403993,0.6682453259984673
2024-02-08,-2.763378764036867,-3.395428162195677,0.6661757787085245
2024-02-09,-27.636719994449507,-22.874716021606297,0.6490981564962351
2024-02-12,5.867620522484049,-41.66531403268363,0.6423564689565537
2024-02-13,1.101831504671674,10.464872157893463,0.64579021110198
2024-02-14,-21.40911216433055,-35.25471501290819,0.6463475875966336
2024-02-15,-5.607851149627505,3.9651472775141974,0.6338427866860809
2024-02-16,-27.969010181771978,-3.0196653108091027,0.6377395511702322
2024-02-19,-42.88220905761163,-54.73470577983679,0.644469783794728
2024-02-20,43.992231273197646,52.69287113578756,0.6324003851323124
2024-02-21,-3.362173721469624,-2.4772537745921683,0.6251955354291759
2024-02-22,21.9639712588802,-27.03309267516589,0.6121865595941756
2024-02-23,-51.64284701094563,-30.536803494339345,0.6074946254095982
2024-02-26,-40.24616912491751,-43.38883393447223,0.6101827958774645
2024-02-27,-0.294540063744293,-8.287841609288307,0.6011813732560004
2024-02-28,-1.4697713977892792,-41.879497523628444,0.5901652469936003
2024-02-29,-4.535513753055476,-43.48959741274159,0.5690662933740953
2024-03-01,-46.10976188956553,59.82619953256944,0.5533821679910658
2024-03-04,131.35657558427323,148.97079010015165,0.5466957377701196
2024-03-05,1.201475193518739,22.525445857943424,0.5528403778790376
2024-03-06,-0.6034404404506724,-63.7507911326519,0.5760568511783037
2024-03-07,-26.385182300450932,4.4260797953264515,0.5906951796853634
2024-03-08,-88.11494248819128,-19.02424623163773,0.6009686723349603
2024-03-11,-17.574092660273223,-57.104480133529336,0.6306856470067659
2024-03-12,36.661757013235146,25.313279098005196,0.6384348680165627
2024-03-13,20.692613253869112,32.31146026807346,0.6415576339792578
2024-03-14,69.7678705160551,57.70145179818088,0.6427146431204283
2024-03-15,-56.99548713011458,1.9445981463367321,0.6437031745381065
2024-03-18,-26.160430671626536,3.3214772382227853,0.6446481027658324
2024-03-19,34.91428804786527,42.36791413362377,0.6534677140980233
2024-03-20,-42.89144269782611,-61.53494622298053,0.6594176884946592
2024-03-21,5.6374136234880226,-74.90412969929251,0.7096956631551719
2024-03-22,-6.626723874882046,24.355678758627803,0.7355018998866631
2024-03-25,-70.85634112597833,-72.71096137688995,0.7457699220744383
2024-03-26,24.225624408089352,-8.816552823293655,0.7587509692366453
2024-03-27,6.8288472992925815,25.09143509587084,0.7796923502083847
2024-03-28,15.801505418772184,92.04182608866408,0.7979513132350073
2024-04-01,69.1147596690984,20.05776591253946,0.8156840632870299
2024-04-02,72.12164136919235,96.71899299894497,0.8358265682199905
2024-04-03,-30.80727175691267,35.98727256065704,0.846718015338317
2024-04-04,-21.698606852967977,-44.09094040508999,0.8410228418652078
2024-04-05,157.81724513352492,52.11475925499038,0.8481491353289716
2024-04-08,-6.118828635551239,31.7887002981565,0.8716334968123192
2024-04-09,1.3136966197590976,3.2559251204850153,0.8789243898744099
2024-04-10,-8.927644023673821,12.39789982487009,0.9034123648534716
2024-04-11,0.10056403200836428,39.953396371295455,0.9412510428530239
2024-04-12,120.19492218669495,135.0130916334678,0.9641223263991577
2024-04-15,81.43534161826543,4.1607300591511915,1.013545204819099
2024-04-16,-72.62276432241335,-55.08183273931536,1.0559056063958525
2024-04-17,-49.04847161927273,-5.710442074644789,1.0910118548724324
2024-04-18,14.947933849984048,29.42926959874467,1.1175013328024668
2024-04-19,41.408605642705446,-12.288981401672727,1.090237145136871
2024-04-22,77.646062015611,149.66674982405027,1.1086707782127359
2024-04-23,-55.8210811333628,-70.00848853244705,1.1239736444749866
2024-04-24,-55.969160975691636,-67.54439949760625,1.1591543426598088
2024-04-25,17.8113612400918,-1.6489022733354108,1.166914517078774
2024-04-26,30.85067308463523,27.29219426403012,1.188979958374644
2024-04-29,-36.76277884013411,-49.56919492027155,1.189170171006636
2024-04-30,84.35417126977534,106.24231584553219,1.1766457367303182
2024-05-01,41.137333574173574,0.018086931136451767,1.173001646132305
2024-05-02,54.210694983775,73.35653293699758,1.1837342432006392
2024-05-03,-46.34874865710803,-26.09622715475164,1.1825893381825838
2024-05-06,56.1150838282861,87.12383020934502,1.1988921945812108
2024-05-07,9.091047197511358,17.34365334864571,1.1824802760834203
2024-05-08,-0.1787010122422501,-37.11141612112473,1.1598367429449346
2024-05-09,37.00182544206619,-16.72681226895581,1.1087128678078952
2024-05-10,-9.760077775960049,42.33024161953585,1.1007551626752734
2024-05-13,74.43824697042001,104.71987317222347,1.0655934983466084
2024-05-14,-56.59749670874015,-30.169878227824782,1.0243992291455517
2024-05-15,55.25914791731691,64.01848664380398,0.9967875741120267
2024-05-16,-15.682180802584877,6.247500089657303,0.9905632510906788
2024-05-17,70.96675802448885,85.43296630644134,0.9850973884966792
2024-05-20,19.71945401801914,-43.35424332289478,0.9601507213485924
2024-05-21,-93.95962289260909,-94.4665464429124,0.9722649494284437
2024-05-22,40.36784898718314,17.66685619218504,0.9472734604249113
2024-05-23,206.67770324747386,176.9878642086089,0.9463067806874784
2024-05-24,-31.224553037637243,-42.67326901225035,0.9483767458354967
2024-05-27,7.548009634773515,13.546439398646685,0.9389177204209966
2024-05-28,-18.97620027570436,-33.70576767254471,0.9219464247750013
2024-05-29,2.251469386257293,24.567740778098482,0.9129611144381531
2024-05-30,-3.8983480964440527,11.574730529976588,0.8952592004765059
2024-05-31,39.40776821982015,-39.377378045224845,0.8860758570549564
2024-06-03,27.551361561689284,7.48953351202216,0.8577794584519435
2024-06-04,11.272085700711312,36.838670944663704,0.8493661469764291
2024-06-05,20.013770675281464,13.696189135799454,0.8567405052350381
2024-06-06,-20.043427806417206,-50.420415148707264,0.8608874772645114
2024-06-07,50.57095274518177,30.677110209315995,0.859567274103636
2024-06-10,-34.38862617463682,-30.66994175960756,0.8865070632709289
2024-06-11,0.6470785879096184,18.44219867642048,0.8890419351658949
2024-06-12,-13.015216597984239,-21.01843634154029,0.8887762960310998
2024-06-13,-48.847154509699905,-61.65498442551147,0.8960318863877651
2024-06-14,66.22770190993552,101.78082099152145,0.9082396378753789
2024-06-17,-31.339013648397817,-40.59300358719361,0.9054135627350657
2024-06-18,33.14422747146767,22.41130628448831,0.8777405364189719
2024-06-19,-31.415711556260398,-28.429423613759912,0.8681118666103957
2024-06-20,53.27552615408155,1.5647397858738117,0.8448177849961909
2024-06-21,55.12471373175619,-40.162319853354475,0.8203414573734765
2024-06-24,-0.45479847379907845,8.902876158441838,0.8325093900102061
2024-06-25,-77.65333720753065,-57.490100223927236,0.8365085434306584
2024-06-26,-62.02475560836207,4.182855031219002,0.8318299281302739
2024-06-27,-1.7985847834948014,2.907207851347513,0.8361507412939657
2024-06-28,50.24320520768726,-13.087731684469052,0.8300451340158975
2024-07-01,-11.821238462713405,-32.41138676313307,0.81163475639746
2024-07-02,-31.609899777643367,-31.427025908827044,0.8076386252276642
2024-07-03,41.49607315641616,89.6135885612802,0.7991854042428621
2024-07-04,4.3125133507756335,4.885533308724589,0.7960351008262989
2024-07-05,29.04581595918976,-2.9237155850035066,0.7761685205081628
2024-07-08,113.26768040329117,194.29531209114612,0.7453581789562975
2024-07-09,-54.89386867882831,-52.87573584477877,0.7468051530463706
2024-07-10,-7.974527881355121,4.445356507485533,0.7463644354314514
2024-07-11,-19.759602239312386,36.152778932086676,0.7194241983128866
2024-07-12,4.373234635376194,19.60152253259537,0.7267664017583388
2024-07-15,-1.3744861053640243,-80.87237006649445,0.7230978880910541
2024-07-16,156.50633329524163,145.16542603433172,0.7200947695030255
2024-07-17,-45.971344846314686,-112.41297858963024,0.7261779291339804
2024-07-18,-81.19420858719225,6.065206189229954,0.7528739926611261
2024-07-19,87.15712521698002,119.83753094085682,0.7542163401598033
2024-07-22,6.7754593085824855,-10.54598021516753,0.7535595400197729
2024-07-23,27.00173029755243,-18.789202764050202,0.7634852941949959
2024-07-24,-60.688295195226516,-24.51047709374295,0.7654803261577001
2024-07-25,-52.265041787992125,-77.28941751414823,0.7702384351532057
2024-07-26,23.348196748456168,-8.4080878239017,0.7990078292120255
2024-07-29,13.763822187545486,-47.41947175451509,0.8096076691605962
2024-07-30,-13.364177075343065,40.92214948466787,0.8134247203333631
2024-07-31,48.464091816311765,123.62135509836392,0.8187765934086298
2024-08-01,-37.56286938723782,-65.90895112999311,0.8233671310133353
2024-08-02,-28.826838666707655,-131.5005773350841,0.8603332570298662
2024-08-05,-10.852300508534563,22.863373789562132,0.9020715923132698
2024-08-06,16.22881868937213,-30.868371309863832,0.9539799720690322
2024-08-07,-36.176495951279584,-42.32610659410653,0.974219726738124
2024-08-08,120.40163156398754,129.88994719457563,0.9884038816928328
2024-08-09,-13.385786382629528,-32.05578886293875,0.9731683763386287
2024-08-12,60.825532333273564,112.60736566864465,0.9714909797455705
2024-08-13,-37.224788668274186,-40.20891976049604,0.9715551731479242
2024-08-14,-34.23305692961778,-43.258173896286365,0.9678855168593599
2024-08-15,73.82757071101459,37.36448970320588,0.9649962380432537
2024-08-16,-53.15079594995393,-13.270563276530396,0.9762069423918855
2024-08-19,-41.771158927182526,-51.75093074600857,0.9754611805488059
2024-08-20,15.050834259606507,17.592014901900413,0.9729650694047616
2024-08-21,-32.562864574071455,-0.9212778700970503,0.9849275983396939
2024-08-22,33.248966969270064,57.894114632988476,0.9836970884006224
2024-08-23,-17.30972832734549,47.64290189657083,0.961773153521912
2024-08-26,-2.7651034321250894,-18.7754559688592,0.9703101767656992
2024-08-27,-4.0614737424142024,-38.86973237401561,0.9595571083718619
2024-08-28,27.695710449970086,54.642518493652005,0.954484848754864
2024-08-29,-0.6378893845914488,-53.00655015174129,0.9517386786270988
2024-08-30,35.86980380726482,-30.691444418999637,0.9308183612992108
2024-09-02,-40.09169042262518,-41.10274639830956,0.8845563663233664
2024-09-03,-44.987452741153994,-10.785058283669507,0.8207621847907648
2024-09-04,-38.94268650531904,31.219286314300415,0.8067659121490875
2024-09-05,11.89844072231439,19.23191081678082,0.8017050488061207
2024-09-06,-4.914009527670107,-45.650675021412276,0.7927505997014027
2024-09-09,-33.26728198677196,9.9244890163098,0.8102043326147144
2024-09-10,-43.96035777181058,-19.123164568996046,0.8081415575461914
2024-09-11,19.645561053445537,12.550648535499093,0.7974931312663872
2024-09-12,-0.12320362465579038,-6.2254066809555555,0.7881586298625035
2024-09-13,48.94557408483101,100.89319617567716,0.7830974039362022
2024-09-16,-10.479031375070278,-33.7533224981208,0.7722347333792688
2024-09-17,-38.871026854162224,-44.93977060857344,0.7617128333420604
2024-09-18,-11.837978425073587,-15.439425222834073,0.7515512936867836
2024-09-19,181.97814335482116,179.34516541446993,0.771069126287357
2024-09-20,117.7574673218912,137.268438868108,0.7704145313520696
2024-09-23,-25.55123699684968,-60.14093362856802,0.7585398703942025
2024-09-24,6.961474482896584,-11.86786144457109,0.7583910582404589
2024-09-25,-85.16291059746833,-58.54073528894148,0.7621712262371845
2024-09-26,-7.221965773408826,76.66427533547703,0.7586056444870256
2024-09-27,-9.150246648601211,-89.52963378817464,0.7680894592141642
2024-09-30,-38.27624478711671,-27.516777864835007,0.7703087950238084
2024-10-01,27.120180455146755,17.079673580619787,0.7849133612957779
2024-10-02,-32.736259450529246,-68.33788449735654,0.789696087271879
2024-10-03,10.921265481230984,54.118872341645584,0.790128214979338
2024-10-04,58.11827732680607,47.253927043058994,0.7892352304606502
2024-10-07,-24.995613117484645,-39.59973349097496,0.7893410698616462
2024-10-08,-19.132617736667726,-69.78122517932748,0.7946914640362142
2024-10-09,-36.48732076872499,-48.218740278107276,0.8172228426691394
2024-10-10,-65.7699228765261,-75.2675803442493,0.8129364557774517
2024-10-11,35.96845051081184,45.133867326370876,0.807505010294294
2024-10-14,7.134672541590537,-40.882790041663284,0.8040284913651918
2024-10-15,51.16936457916044,24.778706867975817,0.8099502571677212
2024-10-16,-28.133102788823933,26.33419222023506,0.8078756250458978
2024-10-17,-46.98972812633293,-92.90320331805852,0.7771407381166943
2024-10-18,43.953918377686776,3.306914361766247,0.7711115925721008
2024-10-21,-59.50498932502896,-73.85194095956105,0.7654398146550144
2024-10-22,67.38673017982242,86.11157135833542,0.7693343757985678
2024-10-23,-29.574579978212185,-47.86841089484504,0.7611877503107478
2024-10-24,13.5611212602955,66.37918197091214,0.7682762951544945
2024-10-25,-6.786255372794454,-48.891194997952084,0.7522404801424741
2024-10-28,8.26849646167015,-37.43958571156284,0.7459813315021895
2024-10-29,20.86976978015981,-13.235192977692005,0.7341735036562829
2024-10-30,-60.08180570554299,-94.51823429079653,0.7209458419457102
2024-10-31,123.43787627690509,102.36559334981976,0.715268300646528
2024-11-01,23.993218906563893,-51.55950992308555,0.7196093224188517
2024-11-04,-59.67049180396789,-63.330470193200405,0.705197606519511
2024-11-05,-22.809517977448955,19.453399783089367,0.7021826597051859
2024-11-06,153.48619995713707,192.68205917474359,0.6862618791097717
2024-11-07,135.36143856088074,121.23688236286344,0.7362428846763518
2024-11-08,19.833963058270445,45.598669972195246,0.7469659974900654
2024-11-11,128.95859175388858,57.325855533978995,0.7551499335992449
2024-11-12,21.829672537556704,118.0639599124525,0.7683523411146176
2024-11-13,-37.121631944444616,4.281674499523994,0.7891903040212414
2024-11-14,-16.202695133699788,-3.29345323381773,0.8049860774627569
2024-11-15,-72.98451478603894,-57.999044453330384,0.8215285691187532
2024-11-18,48.66993185741802,51.825791462147016,0.8312917330258159
2024-11-19,17.825505652111147,26.081702994220418,0.840788042286238
2024-11-20,39.38048546042266,30.23654941740604,0.8509875794619723
2024-11-21,-0.7979151716813009,-32.51116987146199,0.842676043597176
2024-11-22,32.5115763918952,218.27195082842556,0.8483378248887179
2024-11-25,111.48032428261381,194.89860253476047,0.858656705710087
2024-11-26,-23.69062407545181,-58.83713390637153,0.906256244310816
2024-11-27,44.17598954936852,26.02959086042892,0.9267372710292208
2024-11-28,27.38563183019171,88.65082675771478,0.9370151530230407
2024-11-29,11.901412604278969,-20.028629908394986,0.9318436700543506
2024-12-02,-35.37273928334907,-71.08567674162423,0.9330561519598142
2024-12-03,-40.42287257201546,-10.080514702105733,0.9470135486239786
2024-12-04,-5.854795630652616,-27.374777281873786,0.9499658657394858
2024-12-05,37.61732292265355,-11.20621629477491,0.9040196738593356
2024-12-06,-15.704017630128916,-36.81059162338265,0.8894722566534735
2024-12-09,81.33642657396273,85.76488895488787,0.8953319818368769
2024-12-10,76.73193314322215,59.38078694779937,0.8866771005626447
2024-12-11,64.18221119115788,30.747358007152194,0.8656447163299843
2024-12-12,-36.43693888790531,-61.64622187085452,0.8631201456509056
2024-12-13,91.6159205525985,30.57240565681615,0.8538900174570501
2024-12-16,37.10296248533624,-22.187498441779,0.8480883975891207
2024-12-17,-44.808527794669324,-16.30281239352651,0.8343286833995593
2024-12-18,71.21483173040386,61.33329136918491,0.8287550018151096
2024-12-19,-31.24492560368464,-17.618883541692295,0.8454610625440185
2024-12-20,84.26904092831431,141.24712552801634,0.8544228248812024
2024-12-23,-42.72961739947114,-73.40588459110117,0.8477271317774274
2024-12-24,-40.14401761938858,-54.9010625412475,0.7999617852023447
2024-12-26,1.086782291042244,19.783049681178376,0.7681096820200948
2024-12-27,-45.25198337728406,-43.086115452573594,0.7516247788837309
2024-12-30,49.93445379776834,36.78503310167805,0.7488293383849036
2024-12-31,74.41909630186248,52.37517885592203,0.7427093682488162
2025-01-02,98.57774886564917,98.90194001672371,0.7249056589574979
2025-01-03,53.19518336729486,49.51446600231823,0.7218418956256041
2025-01-06,-24.384626593509644,-78.37347602368044,0.7181980799600112
2025-01-07,14.608862954494588,79.44065190724965,0.7301003529995367
2025-01-08,-70.88137523821283,-38.85291026173516,0.7241168759424791
2025-01-09,-12.180906056289942,26.49454154608274,0.7238949187567191
2025-01-10,21.42170574802416,-11.142595885549001,0.7200950373160689
2025-01-13,-34.48201054052157,-4.969072848910097,0.7199218262179532
2025-01-14,-14.6986698735079,-45.060174815615625,0.715147158923868
2025-01-15,2.8673168897658314,19.734970625209137,0.708620664584845
2025-01-16,-10.594299612959212,-22.53846089847323,0.7139220407498381
2025-01-17,-48.98546222887948,-48.447977292553425,0.7135455788225893
2025-01-20,20.895456297091265,14.465086215155509,0.6912124719675676
2025-01-21,28.288050179061898,83.34097571008647,0.6755468785948779
2025-01-22,-58.443903044787056,-44.1189180175738,0.6733644734480322
2025-01-23,-9.958558064893843,5.505199475398925,0.6733794146000904
2025-01-24,-19.700171072260602,6.111214620506793,0.6843156818562297
2025-01-27,87.79139322042134,5.64054567234449,0.6913628975861787
2025-01-28,-28.93803899511459,-46.000989956574664,0.7015142941589787
2025-01-29,-24.39630846625904,-23.476515228886086,0.6928687601806842
2025-01-30,18.337324302535826,46.69634599871666,0.6954366836517358
2025-01-31,-55.60328031419548,-53.3488541439869,0.6916953061523328
2025-02-03,141.4245035552927,66.36738579127618,0.6920719786138992
2025-02-04,2.4406242820990816,-54.079654970229626,0.6914165414070654
2025-02-05,179.67510849897508,138.68776996801463,0.6877421420937039
2025-02-06,39.62277304545291,-12.808239801700836,0.6940457188206773
2025-02-07,-41.62980872912894,-128.72122671327668,0.7061578445214204
2025-02-10,176.13965162460337,231.48947928429138,0.7037376925451304
2025-02-11,-40.071398100695106,-75.22213188895326,0.7072703559976157
2025-02-12,-69.75764193054826,-41.053243900768024,0.7372439574606415
2025-02-13,22.76202826838518,48.788302885185054,0.753693115469428
2025-02-14,-69.36597979133505,-4.709315420838607,0.7552995886110743
2025-02-17,-4.09539112765578,-24.390305998960837,0.7754746496745687
2025-02-18,83.41710277352449,87.97038769380258,0.7779561485872671
2025-02-19,-43.20880900241333,-53.80068327330393,0.7730212605057695
2025-02-20,-37.48268184461956,-47.7922193470488,0.7820021022377054
2025-02-21,-93.51194401332924,-129.62701577014366,0.7893595281205831
2025-02-24,46.039221402324316,-31.421460333753203,0.8007179721361728
2025-02-25,-0.5170502093361309,151.99232477725087,0.79856074428676
2025-02-26,-39.54723335612768,-1.3592777877711235,0.8212361079100287
2025-02-27,128.29807909086352,216.29796446828217,0.8285099882494757
2025-02-28,68.53260434304653,101.58283491274894,0.8488315971301834
2025-03-03,-9.312350667002793,-51.233577287114684,0.8603954346769106
2025-03-04,136.36775514972663,34.96017738747145,0.8491398562135017
2025-03-05,-66.66530974451798,-94.13341517803242,0.8577354582036134
2025-03-06,-30.843779855649405,-20.69688859528818,0.8603194590347603
2025-03-07,5.158499748091799,-66.06486356317724,0.859738337999976
2025-03-10,-29.62362189241743,-20.124486391164233,0.8636642775457538
2025-03-11,96.9216179962954,119.02689550351435,0.8661562377467288
2025-03-12,5.1366620878187295,-33.011939609320265,0.8379760876634709
2025-03-13,29.989614157651683,-9.081830810502368,0.8213163353993339
2025-03-14,-17.62810250054209,-84.7652551664523,0.8248828822929136
2025-03-17,2.82188937452867,-27.17714957733574,0.8177669971149074
2025-03-18,102.53984620732956,131.83608480228648,0.8129851865726894
2025-03-19,-66.46059314277875,-40.12042161780997,0.8191235952867102
2025-03-20,57.793799508196045,6.930650857356081,0.815099204427933
2025-03-21,115.82866538573677,76.55130959321254,0.8101339654350292
2025-03-24,21.73365914068477,-62.80112197954789,0.8041484356990903
2025-03-25,-30.639435369880992,-8.981705332524033,0.7980382048435877
2025-03-26,-68.3255796160905,-91.50749141875956,0.7784448562142154
2025-03-27,69.81747368289476,123.14111348450291,0.76648571162934
2025-03-28,-45.11444611414829,-28.876244739167866,0.7509137076466759
2025-03-31,31.807849065569457,-15.552747617901137,0.7435568482246504
2025-04-01,72.54522642803835,-55.29690722882599,0.7562809946484907
2025-04-02,-32.0175226382913,-89.43794933442638,0.7544888551467042
2025-04-03,398.5582761620089,621.8478712128206,0.7675215854146731
2025-04-04,174.68989669858325,-103.9240664892042,0.8104324902331215
2025-04-07,26.320220779994692,-65.4994203801919,0.8644194967124011
2025-04-08,-51.9098664113166,-79.99768647979568,0.9331127846909831
2025-04-09,316.0382438405118,288.73625290609743,0.9693552409264765
2025-04-10,163.77697196252834,177.59946828371648,1.0382344597194137
2025-04-11,3.0914672969127928,12.456728440246572,1.086691747751679
2025-04-14,-9.81367097382808,-43.5805182050692,1.1270889384303768
2025-04-15,6.487217783110957,23.270164375746152,1.1584873903210746
2025-04-16,93.96610224034583,267.3438088429816,1.1649215343636967
2025-04-17,11.877829699960225,-41.4469147063553,1.1964690822304724
2025-04-21,78.8338687845727,171.34766984810858,1.226869231349044
2025-04-22,178.83493690115097,20.243289616338103,1.2458907854406194
2025-04-23,128.2453413549439,62.98635481145513,1.3475337674972696
2025-04-24,-7.930108947785108,-122.12013118434487,1.4264883464384273
2025-04-25,17.071399713338025,44.8639576210927,1.472599108575705
2025-04-28,-34.777650679640935,-32.38006935126688,1.5073791062800912
2025-04-29,-46.22240167403201,-45.52804406531332,1.533618968999297
2025-04-30,-4.9404209168485895,24.35508306139883,1.5401926532311982
2025-05-01,-12.045087515614957,-32.52392120049519,1.568578391440136
2025-05-02,-23.846403499890055,-42.72909841965564,1.576366515821825
2025-05-05,63.06358342294651,127.97927222030887,1.5521622255988858
2025-05-06,36.68375410449976,65.90889996620919,1.5026610374437308
2025-05-07,-29.94578885250717,-108.12515346166396,1.4785710344141152
2025-05-08,115.75901512403561,133.5678823590183,1.4803025735524098
2025-05-09,4.4613444951563945,-57.55504495202791,1.455188230150883
2025-05-12,-15.636117459416766,62.38608453318895,1.4271020960233178
2025-05-13,34.58102034463662,-9.644649492059177,1.426211705394287
2025-05-14,4.6690401882492925,41.81694087658484,1.425060340398227
2025-05-15,181.9070880420569,24.066250808171432,1.4431243269602745
2025-05-16,12.00733373396559,37.91456282221852,1.4430980585627804
2025-05-19,8.737378247990847,-64.62026338434691,1.4552319516354586
2025-05-20,-16.441174007148778,-69.80273142648954,1.453954564899541
2025-05-21,9.13059870539932,-25.73313972143274,1.3789763854755623
2025-05-22,49.53937130734666,26.407121800978313,1.3250861742417728
2025-05-23,12.210389149546916,186.53248977496702,1.3100358886261447
2025-05-26,-38.85148578525866,-54.2103378725343,1.2984720398812022
2025-05-27,48.073210104449764,97.65449842738367,1.2683055670200134
2025-05-28,14.581219947496162,-22.94926949549452,1.2655336155992873
2025-05-29,107.77808031696674,162.11909307032624,1.243933827784967
2025-05-30,20.145557174358885,-23.26374022026372,1.2309938010334676
2025-06-02,194.4461836704385,220.00228110748213,1.2204192004210617
2025-06-03,62.67842665921685,6.434209877011775,1.2139411286389366
2025-06-04,-63.62792162102268,-102.74105369406476,1.1708693620975552
2025-06-05,-35.98605713219175,11.27728556940534,1.1443392047294365
2025-06-06,73.25309034027623,6.233110512111893,1.118658170178895
2025-06-09,-2.370970560024533,7.471391240075543,1.108548559949034
2025-06-10,-25.9572678380689,6.230599042399961,1.0692108342502322
2025-06-11,-72.1249374995332,-104.27576605374068,1.0522194768001176
2025-06-12,-78.67117170132535,2.246146707923419,1.0484515511367243
2025-06-13,-100.4041292350476,-117.2039862795801,1.0370088241714928
2025-06-16,67.48107598144576,126.30623788029143,1.0242523106626773
2025-06-17,-13.643517686932448,-1.40545780365861,1.0183614166681045
2025-06-18,-85.02907928560921,-78.93359289746343,1.0076360783845355
2025-06-19,-21.548155574815077,-5.932530762853429,0.9977637262433688
2025-06-20,41.08142535172158,-0.7516522671169961,0.9781331503464845
2025-06-23,-43.06788025021914,-150.330990627587,0.9573077606899787
2025-06-24,-12.176172746909412,-10.59703611643376,0.9750847205263323
2025-06-25,-21.677340505805578,-42.37428186221567,0.969645884114336
2025-06-26,-65.65040459472637,-91.48272190153533,0.9490400612855169
2025-06-27,72.39300095352661,115.86063638891137,0.9381412996485186
2025-06-30,72.34680691231424,98.83488151901288,0.9401163493287885
2025-07-01,129.31123180635737,136.08257492120703,0.9370690411599758
2025-07-02,-99.74760910053234,-81.38177163778654,0.9257056768843078
2025-07-03,-10.937344354604736,-41.41598272429705,0.9204237951750042
2025-07-04,-27.80679534159891,-30.57538728333334,0.9180984606956748
2025-07-07,-28.339755523201568,-13.227536975542854,0.8919066355144428
2025-07-08,-1.0833196813899457,-82.31672821624598,0.8910832292472783
2025-07-09,-32.59613372472489,-42.804610858344475,0.8873425371322892
2025-07-10,-31.870953476767387,-73.32885974278187,0.8679245828074237
2025-07-11,-7.285117876862648,47.69372842649207,0.8436530614715798
2025-07-14,-52.58200111126962,-110.77872097830544,0.816186206173176
2025-07-15,-5.1146592893869105,-2.962617321533056,0.8023337954328564
2025-07-16,-55.24573303546545,-56.92025260212774,0.7908943116376763
2025-07-17,61.44851069994669,85.29361315974015,0.807441277824843
2025-07-18,-19.803405230304463,-42.6213231601874,0.8020560007374801
2025-07-21,46.23663213054926,111.76393504180757,0.789533975937718
2025-07-22,-77.70569686431517,-87.89786947477423,0.7634658769432462
2025-07-23,30.88612875861827,67.17642899068635,0.7471206307640339
2025-07-24,95.59174125775881,142.2852165055075,0.7601918643165321
2025-07-25,125.14845182104159,187.75844434143423,0.7528809715899768
2025-07-28,65.85507596975454,-18.714898149254104,0.7317660983662081
2025-07-29,14.74509788172012,35.063190424315465,0.7255129864724703
2025-07-30,66.431170550629,-20.423198614813643,0.7278522958307545
2025-07-31,8.049905668709693,16.843704382425727,0.7305566353229185
2025-08-01,42.43763318717876,46.65971554245707,0.7150973727998294
2025-08-04,56.156849782373364,10.728905893964587,0.7480128989212226
2025-08-05,35.56196298421888,22.162027122975275,0.7387880138015984
2025-08-06,-56.60652859514777,-25.316219472861924,0.73389725586459
2025-08-07,60.11974233764407,119.23416405195329,0.7280781702983684
2025-08-08,-111.89444853477536,-158.75031712033143,0.7471255374570113
2025-08-11,44.65547522494283,87.01059718607084,0.7697600311462338
2025-08-12,-113.69386607295293,-71.96167439890584,0.780976380405829
2025-08-13,16.41191789994774,49.49294541769628,0.7931826176173594
2025-08-14,1.4849501678142438,99.98664463284709,0.7649226382267752
2025-08-15,-23.14352264714718,-52.073721120402816,0.769652237974943
2025-08-18,24.993513148914957,-52.8459341576066,0.7720710523976412
2025-08-19,-43.81718846746392,-72.76571611858384,0.7717300261085293
2025-08-20,35.94314346898519,92.10311310942794,0.7701149462313096
2025-08-21,-62.95560901573577,-22.76137439788539,0.7526751109366073
2025-08-22,33.59385814984638,-42.676917665901584,0.745561997918734
2025-08-25,-24.805320963058648,-81.97462869429248,0.754177542304674
2025-08-26,-68.77948116302579,-60.13117851450159,0.7399223015272983
2025-08-27,-17.106235643302945,-16.24111549255217,0.7404289443983387
2025-08-28,29.73516381380316,57.63291945130956,0.7247774431293523
2025-08-29,31.104010351480188,-47.638762870459715,0.7165707491779914
2025-09-01,26.04970403855902,-41.00455917580609,0.6878911166697999
2025-09-02,130.17116337757304,43.656416830781964,0.6983297808925902
2025-09-03,-13.066488730576836,-27.462934866052535,0.7141762559487094
2025-09-04,-4.5957133474330565,-94.44801673616881,0.7281602978717034
2025-09-05,-45.13075697262198,-119.39612103551114,0.7301386949922037
2025-09-08,76.02968776551354,78.19847900147205,0.7223931810609959
2025-09-09,-75.78468100345638,-79.18963073680987,0.7146396248277223
2025-09-10,12.351812500067316,-33.94784851068654,0.7168515551829218
2025-09-11,-69.34206933717628,-94.8620130709319,0.7217395223186507
2025-09-12,-52.913762669817125,4.752195629447485,0.7271922853059012
2025-09-15,153.28060408308443,31.047186887893417,0.7265554873441991
2025-09-16,-103.39193899015395,-9.190345138541097,0.7335733205199356
2025-09-17,-116.92571155442423,-98.70487100257242,0.7388445094882979
2025-09-18,-68.31335150895258,-119.53853458166996,0.7678098474370317
2025-09-19,187.881235784175,189.3539353440641,0.7829213991809802
2025-09-22,36.091834448232895,209.82887233577193,0.7771388855345747
2025-09-23,-9.078235219619057,-34.996061789502704,0.7931479881066491
2025-09-24,5.607811099781642,-96.53532795083396,0.8081698757964929
2025-09-25,-22.90884434036905,-118.94717337548039,0.8223101837925914
2025-09-26,-134.83463427675187,-104.79862211311395,0.8473508354351574
2025-09-29,221.50529528502318,300.87314769545657,0.8600360716201921
2025-09-30,131.41870195853426,81.86989069458375,0.8659359307620047
2025-10-01,-106.93950998677218,-109.81597402980181,0.8794130439875104
2025-10-02,-21.75213662915284,-106.60284309867035,0.8829940859351488
2025-10-03,126.72693968712765,84.66746563218656,0.8836618344645204
2025-10-06,215.2684883244618,240.682571352765,0.871705029661201
2025-10-07,-106.95396584036763,-118.88516616505171,0.8870457047062821
2025-10-08,104.14076676842662,-21.80524300128566,0.8875795605148659
2025-10-09,-154.68675168514096,-169.58361715735867,0.9141670793361321
2025-10-10,-6.238301962972685,41.65870209553178,0.9478117659415298
2025-10-13,325.575174444323,334.9796605617801,0.9930494748311613
2025-10-14,54.64327261673717,-34.664463867026136,1.0177735947492743
2025-10-15,-78.99983210704481,-25.111512170265527,1.0784134311141298
2025-10-16,265.3573750121433,241.27135569289638,1.0875699987113212
2025-10-17,23.430873902353113,81.76122982754885,1.119058901058453
2025-10-20,70.52720312380087,177.51006194885647,1.2239444097687007
2025-10-21,239.17481085154557,316.2867657961707,1.276212385883171
2025-10-22,-29.087296319114415,-29.022962516432717,1.3571714458059256
2025-10-23,89.58104729687842,145.54378394779198,1.4687281737616653
2025-10-24,-5.412032043600398,-63.784974559350246,1.498403545039727
2025-10-27,137.56216435582306,13.496898219815499,1.5459800955872531
2025-10-29,25.242154143143683,-14.800657909022604,1.5769050364829371
2025-10-30,116.35102335283483,-15.59454450715943,1.6090242320626582
2025-11-03,-13.053514932449186,-78.01356292911541,1.645125631765002
2025-11-04,-33.80123623661201,-94.05574245512827,1.6555503357414678
2025-11-05,9.885938549738597,27.527025193250104,1.686157355331789
2025-11-06,33.108525478117386,41.198943711335296,1.6847663009598346
2025-11-07,-45.54435396335174,-94.45981203282452,1.6818133826562864
2025-11-10,146.22365227220308,263.6492226593563,1.6698228788969842
2025-11-11,-18.908787714607506,-74.21500556264702,1.6433248111401368
2025-11-12,87.26277364495591,78.75152059360545,1.6189127402113441
2025-11-13,66.84790317627298,-17.268773398476007,1.6223345661871515
2025-11-14,51.485847556387945,105.55747816868339,1.6084690440281033
2025-11-17,43.744414203585244,-6.3989564997703,1.6354541557476812
2025-11-18,-83.02758942132394,-125.10732559808102,1.6314478710520082
2025-11-19,-4.322750600900289,-75.8986087519181,1.563759889037482
2025-11-20,-49.965436248701536,-64.05193463350889,1.543486493665971
2025-11-21,-110.4708908281506,-109.35887923846914,1.4984304259617498
2025-11-24,12.169611377545362,48.01218398488335,1.4207033785731942
2025-11-25,-54.89848914483848,-97.30609422358751,1.3901068898027003
2025-11-26,-91.78715478524302,-79.37565788056754,1.3665201006989505
2025-11-28,23.20304318195846,-31.609925185428505,1.3362709260529884
2025-12-01,-118.78136438691983,-160.27363673134872,1.287730485244721
2025-12-02,-98.7696547829179,-34.699729822569765,1.2645276555285045
2025-12-03,-124.52976785243354,-92.76224794546243,1.257899140915614
2025-12-04,-16.745205400756895,-48.291066821133796,1.2416984744216895
2025-12-05,42.544784600142044,99.9861283809949,1.2341427155755078
2025-12-08,-17.63579898711722,-51.29736126252413,1.2361365660796229
2025-12-09,-9.761814231663552,-25.49398223077981,1.2276177066685374
2025-12-10,-83.55817069144884,-49.46759525220667,1.217444747272427
2025-12-11,69.65940129254435,-5.328401954442334,1.223448241280312
2025-12-12,71.7684305217575,190.72673014501828,1.2128501538515946
2025-12-15,3.98765179491442,-34.545378151750604,1.20077886592459
2025-12-16,-72.38310755231772,-129.46415055045816,1.1576037950489586
2025-12-17,-88.44247837866811,-102.28013444486803,1.1387604898269186
2025-12-18,-31.41170950954703,-78.90410821430662,1.1189580111620956
2025-12-19,29.28751185816563,12.790129868567092,1.1122113806646268
2025-12-22,246.9334912768751,348.2964364194239,1.0649553231527675
2025-12-23,-33.99557015951054,-86.4017918339034,1.0343907701799635
2025-12-24,163.2533466093701,57.13193842091908,1.0362262796657065
2025-12-26,-18.943284409295693,-69.74024953161063,1.035675101323913
2025-12-29,443.87557627036136,254.85757505399823,1.0396878960488418
2025-12-30,-47.77753394414802,-133.49860079831802,1.0917338693323253
2025-12-31,-39.17944374100793,-79.33651637779687,1.0984290712364904
2026-01-02,68.33403457006112,74.65864047138558,1.119118583896749
2026-01-05,54.825484377919736,2.3772232110582108,1.1200496392646706
2026-01-06,-61.114988461321076,-84.89824213391962,1.1421064743254732
2026-01-07,-68.3647926607381,-87.91612554483373,1.138357171449346
2026-01-08,74.30538052635248,-96.47619757989425,1.1571535653397689
2026-01-09,-0.17364992727181416,63.21554742124184,1.1700782326081232
2026-01-12,87.21222336881998,46.078192712042714,1.1676801721856482
2026-01-13,-124.878670062641,-115.83950049629618,1.1826767848017379
2026-01-14,-38.03946903638698,-104.51569208497774,1.17547255870543
2026-01-15,-90.61106521742887,-71.08931982538085,1.1880265588059573
2026-01-16,-100.2065662334768,-118.67566375836607,1.1861517310458642
2026-01-19,-77.89370569282939,-75.92469991880236,1.2034825043460502
2026-01-20,207.91610097868553,312.3784356738444,1.17800239061383
2026-01-21,10.643008681419886,54.9177058041853,1.1923726062679847
2026-01-22,146.8874448830017,397.56115879300364,1.2649358843976706
2026-01-23,26.380483287292375,13.841018361088423,1.2820987254731968
2026-01-26,-128.38557699601614,-237.87748233338806,1.2857384440085557
2026-01-27,-1.6527712169166087,284.94302023013785,1.3335275792792047
2026-01-28,214.58636584439114,374.18479735939235,1.3173723451050494
2026-01-29,-257.5090239594224,-13.565591258803948,1.3897561588225655
2026-01-30,161.74924424647605,841.70710518376,1.566202656341116
2026-02-02,-126.59183192189766,198.08763562358055,1.8541863597077488
2026-02-03,-54.242103497651534,20.727425045394696,2.1260759550926105
2026-02-04,-62.54330265023937,-211.88860345736748,2.2517227270129907
2026-02-05,84.58615112907037,48.07939922081245,2.3456219883707434
2026-02-06,296.0413333333331,311.04533333333495,2.484698948721145
2026-02-09,-54.94766666666482,-136.09633333333247,2.572492959711027
2026-02-10,-82.89066666666716,-122.22233333333207,2.6021193008990235
2026-02-11,-33.771333333332564,-36.76433333333701,2.625933790953293
2026-02-12,-58.40133333333297,-0.9993333333333396,2.65657715337439
2026-02-13,20.333666666665785,46.73766666666765,2.751373360626769
2026-02-16,-35.6166666666647,-68.26799999999835,2.774874946342055
2026-02-17,-32.0436666666654,30.929333333332334,2.7852932725791266
2026-02-18,96.91133333333796,86.53833333333372,2.8327929807299594
2026-02-19,-40.546666666666205,37.3479999999992,2.7709161676330765
2026-02-20,-6.181333333334841,-4.639333333333369,2.752665509561216
2026-02-23,-51.26933333333276,-33.948333333332656,2.751208414228431
2026-02-24,57.82499999999714,63.474333333332595,2.717013989754736
2026-02-25,-55.82066666666745,-60.537000000000404,2.720423489874232
2026-02-26,-26.46533333333146,-31.5566666666638,2.646627166714498
2026-02-27,28.747000000000874,21.496999999998643,2.4506898282628398
2026-03-02,76.16130266479944,-182.29054348776504,2.165448675764641
2026-03-03,180.70329758672216,214.96590069059334,1.9362689927231709
2026-03-04,-104.47151097381709,-137.47110043185512,1.9457885705410334
2026-03-05,-48.39042915329959,-61.875272017374535,1.885686934309271
2026-03-06,116.99977999542958,65.5691960494317,1.7855647934394825
2026-03-09,35.35445264980467,13.223384733978534,1.7366724527790947
2026-03-10,-69.98279248954657,-45.401984052208036,1.7408976644966103
2026-03-11,-6.44973607572663,51.394455059746974,1.7368226960716655
2026-03-12,76.47937794619087,-65.16909459080004,1.7049716080555366
2026-03-13,78.64055022337202,-16.405307034834724,1.6129687755197697
2026-03-16,-92.60487778665987,-145.98690363992333,1.5897944419209469
2026-03-17,-52.49106584659346,-77.6806699017317,1.6139496242578812
2026-03-18,-77.53711524323981,-64.24441206863227,1.5635284807758494
2026-03-19,268.6141519301547,180.2794619274419,1.5874343363371068
2026-03-20,3.247874773158088,-103.74210071393648,1.6973856398528053
2026-03-23,199.85602306934126,213.6141150887744,1.7612860828210777
2026-03-24,90.60571218652643,260.42984746952004,2.0159783262225544
2026-03-25,-120.92740685971333,-1.038268538494993,2.114135138088167
2026-03-26,-15.646351805846914,133.56893135912563,2.1537513931779597
2026-03-27,65.07501793630021,89.00839100556097,2.2230053342682905
2026-03-30,28.38681086559208,30.17707745939131,2.2598466697701527
2026-03-31,55.76159847086038,79.50053635082404,2.2508720596593443
2026-04-01,115.96096294553826,76.11888132001127,2.1839148069073766
2026-04-02,226.35618814912493,143.5156456278583,2.17372347548036
2026-04-06,25.487774064962927,-3.4001384779180324,2.21462980078739
2026-04-07,22.026286435646696,28.676944006164007,2.209239589350209
2026-04-08,148.82467055350537,126.61350342568161,2.2282866863849686
2026-04-09,48.88926580719908,72.49543615790414,2.2354629834492163
2026-04-10,-23.298974473709357,-65.58731380447871,2.2477061408472245
2026-04-13,-21.426240384600693,3.2128323025056353,2.254847846975651
2026-04-14,-17.57674712591703,-24.10823720173588,2.2501719866974317
2026-04-15,-30.77664362455068,-45.09592494659419,2.2414342785896606
2026-04-16,-44.0220765716539,-48.4828795218123,2.2448765641288957
2026-04-17,58.53204701286793,32.74543526885078,2.2177610834533388
2026-04-20,-7.929317781575865,0.3763053036086319,2.1229145386399892
2026-04-21,32.66029569975161,54.45364640548867,2.044778547443036
2026-04-22,-63.09061322900657,-65.32400560655265,1.799049750681736
2026-04-23,-108.66462362030241,-62.46340888705082,1.6592270234147573
2026-04-24,-31.07751612667375,-5.785880912651081,1.6296360299054857
2026-04-27,-5.5553578201980205,-58.79337542805892,1.5600680065092063
2026-04-28,136.26800035858568,275.7788688866289,1.5102778602345832
2026-04-29,60.90713709818043,128.51127782694857,1.4785955848627828
2026-04-30,96.39025840061441,73.73576420470323,1.4306162706492114
2026-05-01,-40.52781207314699,-30.73006374838083,1.4112548660849293
2026-05-04,116.50104347966581,274.1863391840643,1.3362948463819668
2026-05-05,125.82345806306749,219.03663460585003,1.326758003394961
2026-05-06,257.26756213313115,425.2937149807553,1.2634084658982363
2026-05-07,-118.26099622825383,-58.41654302540479,1.2389350730414157
2026-05-08,-111.37899839122446,-139.8424325389027,1.241110676129838
2026-05-11,-79.51889848261274,-150.25724772165364,1.2389785306387864
2026-05-12,51.01680142061671,219.2635594020773,1.237288388183655
2026-05-13,-2.914074196842634,13.348934283841313,1.23992999351551
2026-05-14,-126.70177458789662,-148.15886478966328,1.236335390798562
2026-05-15,124.01022472954389,305.6196186081721,1.2471663230778305
2026-05-18,108.59247977949322,99.51279771352375,1.2608899647381802
2026-05-19,85.74106164732574,187.69929625306676,1.2988838470192818
2026-05-20,-49.3950580180245,-29.705854381811402,1.2947944706666878
2026-05-21,-29.076956117815286,-111.94307983044315,1.3254933509489255
2026-05-22,-114.84005382695119,-86.2485238693837,1.311980158308144
2026-05-25,-95.92018294702612,-93.5376071413227,1.3089833249103202
2026-05-26,10.467670459378636,-22.923935330707558,1.3032401099118147
2026-05-27,179.09209443558873,313.5103966759067,1.286931177651131
2026-05-28,111.69991433364727,139.2496635843596,1.288492017729708
2026-05-29,89.5284355535585,63.2337486822903,1.2978573263518254
2026-06-01,115.99414414516599,236.55080744470985,1.3005867590281253
2026-06-02,-41.59964727118284,-101.35267523170032,1.2863878304341014
2026-06-03,-43.000019477555,-56.57024167378904,1.2788801648963242
2026-06-04,-26.494595015541087,-128.6481454233737,1.2800570071030444
2026-06-05,0.14980825657939079,-119.73554052210729,1.2636953684780408
2026-06-08,-93.30966126151883,-100.63082572151758,1.275521681151818
2026-06-09,-90.54615269330742,-6.373581775043164,1.2884786435395694
2026-06-10,-35.59438750405924,140.80974060098282,1.3084651616687388
2026-06-11,-58.38377837341463,258.8520784112724,1.3719597160651449
2026-06-12,-129.58347302135854,-142.07420173111234,1.4316077480762115
2026-06-15,-8.947194139167436,10.787461561653359,1.4384344186365354
2026-06-16,-4.68858401913015,-46.64120833469947,1.4076335143134613
2026-06-17,-41.81479968496054,-139.95884142241889,1.3841330924947592
2026-06-18,159.9270673057051,163.65924125510938,1.4342739841626364
2026-06-19,113.28073466996481,121.37018771671465,1.4370237311248601
2026-06-22,4.829185788607299,-87.91015476734738,1.4450535360357124
2026-06-23,25.25237015387051,93.20485006199843,1.466464802089988
2026-06-24,159.45668770881542,144.08392704689044,1.491254856831318
2026-06-25,-32.169669446361404,-119.84465860843288,1.5235538581370696
2026-06-26,139.70160497842988,171.5603380051781,1.5463635656394858
2026-06-29,-43.76966526533249,-58.45622417575102,1.5531523850570963
2026-06-30,99.05363966931384,95.76032300932965,1.5540418758351489
2026-07-01,-91.88694636854541,-47.5001570268456,1.5898719652088542
2026-07-02,7.441174937462954,108.6301947675127,1.6082750507251595
2026-07-03,-29.044751658810554,-8.266840771580988,1.656905748939313
2026-07-06,26.162226928895556,14.80781046949241,1.6365395849659077
2026-07-07,-25.745545298043535,7.7778264447352115,1.6150404086861858
2026-07-08,42.41585422575917,-45.145511245153074,1.5909515258333662
2026-07-09,22.216551068964677,11.500172698310704,1.5637163433765726
2026-07-10,-28.213928397204917,7.4876136332967445,1.500872313980808
2026-07-13,107.41045153858812,75.8401874495299,1.4688394075256281
2026-07-14,87.3393339115771,171.80369924429328,1.4759117825480856
2026-07-15,-109.57457613766789,-105.18450233807945,1.5282549465635995
2026-07-16,-41.742364538673115,42.55663720327267,1.4610928890598536
2026-07-17,8.073478641261861,-67.98836448141515,1.4608899737123366
2026-07-20,26.799542759791546,-54.65902349034654,1.4688859564821821
2026-07-21,42.83442597184883,134.52521770687576,1.4669718240486895
2026-07-22,-6.640712170019855,-35.71936038545937,1.4381686414775081
2026-07-23,84.9371261284795,114.50318026209462,1.3937605543767693
2026-07-24,-24.96642626858252,-24.393890652125336,1.348275946179735
2026-07-27,21.82340278433979,36.81026305134236,1.3291771355112725
2026-07-28,-25.269508180271387,2.6127614945455466,1.3160879809273134
2026-07-29,-47.78831137777651,-48.880892148457164,1.2816041043141713
2026-07-30,86.2858368587017,-24.619318877983307,1.2769328085723584
2026-07-31,161.11389878311508,233.292600196424,1.244416735702567
