rule,portfolio,trades,win_rate,pf,gross,swap,net,per_trade,held_at_roll,maxDD,sharpe
halt-0m,ORIGINAL,5192,37.40369799691833,1.1963670202729793,11896.708000000024,0.0,11896.708000000024,2.2913536209553205,0,-1376.380999999994,2.464329822996279
halt-0m,TUNED,4501,34.34792268384803,1.2151748913789044,13217.759999999977,0.0,13217.759999999977,2.9366274161297437,0,-2049.2349999999806,2.0056996845093216
halt-2m,ORIGINAL,5192,37.34591679506934,1.1944608063732811,11783.934000000014,0.0,11783.934000000014,2.2696328967642554,0,-1374.8009999999958,2.4479847432556996
halt-2m,TUNED,4501,34.3701399688958,1.2137538148120954,13134.249999999964,0.0,13134.249999999964,2.9180737613863506,0,-2082.8989999999776,1.9953003607570448
halt-5m,ORIGINAL,5192,37.384437596302,1.195684652876976,11851.632000000012,0.0,11851.632000000012,2.2826718027735002,0,-1367.3389999999927,2.4677184734775115
halt-5m,TUNED,4501,34.436791824039105,1.2146479990737842,13170.66899999996,0.0,13170.66899999996,2.926165074427896,0,-2053.426999999976,2.005635097238979
halt-8m,ORIGINAL,5192,37.48073959938367,1.1936075226499367,11718.353000000036,0.0,11718.353000000036,2.2570017334360624,0,-1361.6189999999915,2.4441795094759384
halt-8m,TUNED,4501,34.45900910908687,1.2092350757413177,12837.552999999978,0.0,12837.552999999978,2.85215574316818,0,-2050.4629999999743,1.9618818989153477
halt-10m,ORIGINAL,5192,37.5,1.1926290802418753,11656.567000000035,0.0,11656.567000000035,2.245101502311255,0,-1355.070999999989,2.4316300664519943
halt-10m,TUNED,4501,34.41457453899133,1.2060030900819014,12632.387999999986,0.0,12632.387999999986,2.80657365029993,0,-2079.9869999999755,1.9349886701201666
halt-15m,ORIGINAL,5192,37.40369799691833,1.188953093895462,11427.69700000002,0.0,11427.69700000002,2.201020223420651,0,-1359.0169999999925,2.3950776587004348
halt-15m,TUNED,4501,34.2368362586092,1.2013430267145442,12347.583999999988,0.0,12347.583999999988,2.743297933792488,0,-2103.103999999983,1.897571350692965
halt-20m,ORIGINAL,5192,37.461479198767336,1.1877385883469065,11351.028000000033,0.0,11351.028000000033,2.186253466872117,0,-1361.2009999999973,2.379974972666688
halt-20m,TUNED,4501,34.34792268384803,1.200284344576035,12284.10599999999,0.0,12284.10599999999,2.7291948455898667,0,-2095.169999999982,1.8867086848533958
halt-25m,ORIGINAL,5192,37.384437596302,1.1865826873980057,11282.715000000026,0.0,11282.715000000026,2.1730961093990806,0,-1357.5509999999958,2.3659524321435375
halt-25m,TUNED,4501,34.32570539880027,1.1971500684023928,12098.220999999972,0.0,12098.220999999972,2.6878962452788207,0,-2077.1079999999893,1.8627749447271411
halt-30m,ORIGINAL,5192,37.40369799691833,1.1861512976292736,11260.386000000035,0.0,11260.386000000035,2.168795454545461,0,-1352.7889999999898,2.361573681450745
halt-30m,TUNED,4501,34.3701399688958,1.198066116287475,12138.414000000004,0.0,12138.414000000004,2.696826038658077,0,-2092.2349999999824,1.8690811484721053
halt-40m,ORIGINAL,5192,37.422958397534664,1.18617859583555,11234.268000000042,0.0,11234.268000000042,2.163765023112489,0,-1347.8309999999947,2.3558553877409887
halt-40m,TUNED,4501,34.436791824039105,1.1983053011134361,12119.812000000005,0.0,12119.812000000005,2.6926931792934914,0,-2143.9529999999777,1.866296381353117
halt-50m,ORIGINAL,5192,37.442218798151,1.1888941642590505,11396.90900000004,0.0,11396.90900000004,2.195090331278898,0,-1332.4849999999897,2.380283241670226
halt-50m,TUNED,4501,34.592312819373475,1.205403337332528,12566.539000000002,0.0,12566.539000000002,2.7919437902688298,0,-2110.3489999999692,1.9217070599938426
halt-60m,ORIGINAL,5192,37.48073959938367,1.185280252822708,11165.064000000013,0.0,11165.064000000013,2.150436055469956,0,-1341.3809999999903,2.3390409173685747
halt-60m,TUNED,4501,34.48122639413464,1.2001941847491242,12227.649999999952,0.0,12227.649999999952,2.716651855143291,0,-2134.4629999999834,1.8827978524867939
halt-75m,ORIGINAL,5192,37.577041602465336,1.1809486515435392,10873.889000000037,0.0,10873.889000000037,2.094354583975354,0,-1337.1929999999993,2.294975069220795
halt-75m,TUNED,4501,34.547878249277936,1.190603753691361,11609.50499999999,0.0,11609.50499999999,2.579316818484779,0,-2254.9019999999873,1.797547825097115
halt-90m,ORIGINAL,5192,37.557781201849,1.1850978207321101,11105.209000000039,0.0,11105.209000000039,2.1389077426810554,0,-1326.288999999997,2.3472078123985574
halt-90m,TUNED,4501,34.63674738946901,1.1962112010153914,11924.421999999986,0.0,11924.421999999986,2.649282826038655,0,-2156.168999999987,1.8498912612008376
halt-105m,ORIGINAL,5192,37.634822804314325,1.1798592533924637,10772.468000000028,0.0,10772.468000000028,2.074820493066261,0,-1296.046999999995,2.2907653912852903
halt-105m,TUNED,4501,34.814485669851145,1.191818599178058,11637.071999999993,0.0,11637.071999999993,2.5854414574538978,0,-2097.0719999999856,1.8197606632165144
halt-120m,ORIGINAL,5192,37.538520801232664,1.1759838122786632,10505.810000000029,0.0,10505.810000000029,2.0234610939907607,0,-1317.1369999999952,2.2300797501440273
halt-120m,TUNED,4501,34.658964674516774,1.1862327623377575,11231.49899999997,0.0,11231.49899999997,2.495334147967112,0,-2123.097999999989,1.748856394830584
halt-150m,ORIGINAL,5192,37.59630200308167,1.1661783092988522,9856.611000000015,0.0,9856.611000000015,1.8984227657935315,0,-1460.996999999992,2.107365579467998
halt-150m,TUNED,4496,34.630782918149464,1.1819112517034713,10872.540999999954,0.0,10872.540999999954,2.4182697953736554,0,-2139.932999999992,1.6851059680478981
halt-180m,ORIGINAL,5192,37.98151001540832,1.174595674549132,10229.570000000043,0.0,10229.570000000043,1.9702561633282056,0,-1239.7819999999829,2.1981639176982806
halt-180m,TUNED,4486,34.70798038341507,1.187340298849148,11027.86499999999,0.0,11027.86499999999,2.458284663397234,0,-1822.4429999999793,1.7239320901730708
backtest_2150,ORIGINAL,5192,37.422958397534664,1.196823451008004,11919.888000000039,0.0,11919.888000000039,2.2958181818181895,0,-1361.6189999999915,2.475438914785757
backtest_2150,TUNED,4501,34.32570539880027,1.2137938296807864,13137.806999999983,0.0,13137.806999999983,2.9188640302155036,0,-2050.4629999999725,1.9998943140233307
ea_live_2150,ORIGINAL,5192,37.326656394453,1.1928848278213386,12042.375000000018,-337.91999999999996,11704.45500000002,2.2543249229584013,371,-1361.6189999999915,2.424801671920467
ea_live_2150,TUNED,4501,34.125749833370364,1.2083604763799347,13296.074999999977,-462.95040000000006,12833.124599999976,2.8511718729171243,535,-2044.5061999999743,1.957637086034352
utc_2357,ORIGINAL,5192,37.057010785824346,1.1986141927625211,12585.74300000002,-423.52639999999997,12162.216600000018,2.342491640986136,465,-1378.5393999999942,2.4753029546549015
utc_2357,TUNED,4501,33.41479671184182,1.2025413358631452,13386.626999999986,-628.5312,12758.095799999988,2.834502510553208,711,-2261.0069999999923,1.884446990211091
