label,rng,tgt,stop,net_o,maxDD_o,rdd_o,pf_o,sharpe_o,worst_o,net_i,maxDD_i,rdd_i,pf_i,sharpe_i,worst_i,y2020,y2021,y2022,y2023
r15 t1 s1,15,1.0,1.0,-1681.6629999999986,-1684.549999999995,-0.9982861891899936,0.898840888501763,-1.7346111114175848,-58.18499999999948,3020.490000000006,-1043.6969999999887,2.8940295890474332,1.1021013304214164,1.4177103341785724,-331.44999999999754,-1083.2810000000102,-42.06399999999593,-225.57599999998786,-330.7420000000046
r15 t1 s1.5,15,1.0,1.5,-2132.4945000000084,-2144.8409999999953,-0.9942436292480482,0.8916349237480118,-1.8043195376223644,-82.91500000000042,2084.2445000000016,-1282.407999999992,1.625258498075507,1.0587004498633539,0.8644332291901791,-251.43700000000462,-1691.986000000009,27.65099999999684,-73.96199999999322,-394.19750000000323
r15 t1 s2,15,1.0,2.0,-2615.9520000000202,-2625.357000000018,-0.9964176300594556,0.8796017395474572,-2.0195090942180727,-85.15299999999932,1237.5550000000012,-2268.9569999999776,0.5454290231150319,1.0314666029717698,0.4430462856593746,-401.62400000000264,-1803.5900000000115,-4.077000000000183,-234.3759999999981,-573.9090000000101
r15 t2 s1,15,2.0,1.0,-1598.8309999999778,-1669.1989999999723,-0.957843252961453,0.9245042298154735,-1.2663475093301615,-52.130000000000095,6623.470999999992,-599.5179999999987,11.047993554822385,1.1742752455841945,2.2479753126607163,-477.2079999999992,-1048.0769999999952,-63.04000000001342,-233.58099999996247,-254.13300000000663
r15 t2 s1.5,15,2.0,1.5,-2393.693500000016,-2526.160000000004,-0.9475621100801264,0.9095504594236613,-1.5316678033755338,-90.68599999999786,6558.165500000012,-917.274000000009,7.149625411818004,1.1378610593400689,1.9168798196554875,-737.0520000000001,-1769.9294999999993,-78.75050000001644,-185.4974999999834,-359.51600000001633
r15 t2 s2,15,2.0,2.0,-2908.8950000000077,-3060.853999999997,-0.9503540515163449,0.9034455931960574,-1.6961976099612828,-113.26200000000107,6481.734000000016,-1480.300000000027,4.37866243329048,1.1199628148132883,1.6524271682637932,-996.8959999999973,-1926.1869999999954,34.63999999999476,-491.95299999998355,-525.3950000000242
r15 t3 s1,15,3.0,1.0,-1736.190999999972,-1862.2399999999823,-0.9323132356731617,0.9251970363017291,-1.1413044493799247,-84.5030000000006,8775.57800000001,-1054.058000000004,8.325517191653567,1.2101991339743314,2.409544233455219,-455.4779999999996,-868.5079999999948,-283.67500000002383,-333.9939999999627,-250.0139999999906
r15 t3 s1.5,15,3.0,1.5,-2285.6884999999916,-2409.383999999972,-0.9486609440421362,0.9227982516858904,-1.2163378346881548,-103.36250000000064,8775.58450000003,-1638.3599999999792,5.356322481017689,1.1636639472068522,2.054282390761979,-715.3220000000006,-1240.886999999996,-425.0085000000182,-259.69649999998074,-360.0964999999961
r15 t3 s2,15,3.0,2.0,-2859.2079999999623,-2978.2769999999527,-0.9600208442666709,0.9166826086884317,-1.3814161688589648,-137.49000000000024,9223.899000000014,-2061.1359999999854,4.47515302241098,1.149251053765401,1.8938616783415296,-975.1659999999978,-1255.5099999999893,-354.6550000000036,-643.6959999999713,-605.3469999999986
r15 t4 s1,15,4.0,1.0,-1363.7269999999648,-1466.3819999999942,-0.929994367088501,0.9436909211800417,-0.7663678475538872,-77.19700000000101,10935.731000000054,-800.5129999999945,13.66090369550542,1.2511911487396676,2.4959011644904803,-542.3979999999979,-699.8790000000023,-73.58000000001442,-184.80799999996708,-405.45999999998105
r15 t4 s1.5,15,4.0,1.5,-1868.9679999999962,-2011.978499999987,-0.928920463116285,0.9403744250332423,-0.852903363535733,-112.49549999999998,10989.751500000062,-1623.9235000000444,6.767407146949817,1.1941157436258776,2.121330722679633,-813.1069999999986,-1034.4410000000166,-308.81100000000947,-42.058999999980045,-483.65699999998986
r15 t4 s2,15,4.0,2.0,-2311.6959999999895,-2443.0269999999746,-0.9462425098044408,0.9370042880596123,-0.9555037889088402,-169.55999999999995,11184.60600000007,-2089.5020000000222,5.352761567110226,1.1695092071066597,1.9042545206410075,-1083.8159999999955,-1207.6050000000128,-126.78600000000071,-270.86699999998206,-706.4379999999942
r15 t5 s1,15,5.0,1.0,-1538.0189999999902,-1709.0230000000079,-0.8999404923163604,0.9381071002754002,-0.7814209903476846,-70.98700000000098,11963.603000000065,-874.8649999999861,13.674798968984076,1.2696391743457462,2.6505110726796923,-542.3979999999979,-679.3829999999978,-223.12600000002658,-115.70199999996782,-519.8079999999977
r15 t5 s1.5,15,5.0,1.5,-2287.9820000000263,-2530.669500000013,-0.9041014640592201,0.9295937103547999,-0.9445234252057229,-108.10249999999995,12335.414500000086,-1536.3695000000216,8.028937374765583,1.2123314703558365,2.3098476479740246,-813.1069999999986,-1169.4520000000139,-451.439500000026,27.959500000024548,-695.0500000000113
r15 t5 s2,15,5.0,2.0,-2714.5820000000163,-2947.0530000000063,-0.9211174688748422,0.9291298967588628,-1.012823566519244,-165.16699999999992,13417.938000000091,-1818.152000000001,7.379986931785727,1.1975932913984393,2.1786886675469184,-1083.8159999999955,-1172.925000000011,-355.9050000000227,-243.64599999997796,-942.1060000000048
r15 tnone s1,15,99.0,1.0,485.8840000000062,-1347.1039999999998,0.3606878162339406,1.0187389935159177,0.13441288220693476,-90.86399999999956,14293.736000000015,-1745.6409999999987,8.188244891131697,1.309337130916753,2.167611911694931,-542.3979999999979,377.47700000000054,-72.47799999998301,514.7229999999887,-333.83799999999974
r15 tnone s1.5,15,99.0,1.5,253.207499999984,-1619.0970000000102,0.15638809781006474,1.0073341806301015,0.05785189452725491,-137.246499999997,15884.04950000004,-2552.3485,6.223307475448607,1.2597694850649415,1.985625081488399,-813.1069999999986,366.8699999999899,-530.5049999999806,808.5504999999797,-391.7080000000049
r15 tnone s2,15,99.0,2.0,602.8089999999992,-1499.6370000000036,0.40196994339296627,1.0146442006733754,0.12205630358756232,-195.91800000000012,17824.001000000066,-2923.7730000000083,6.096232847078078,1.2478198934544156,1.9507642104414233,-1083.8159999999955,534.2729999999929,-476.4239999999726,816.7569999999798,-271.79700000000037
r30 t1 s1,30,1.0,1.0,-1815.9460000000086,-1921.3050000000142,-0.9451627929974653,0.9164856637354377,-1.4396112322232728,-92.65399999999998,5094.449,-737.1419999999966,6.911082260948397,1.1375188521756474,1.8299368239841491,-319.526000000002,-928.1730000000075,-643.3690000000095,-81.63499999999513,-162.7689999999963
r30 t1 s1.5,30,1.0,1.5,-2585.6935000000153,-2684.564500000038,-0.963170562674124,0.8993912037761638,-1.752480292408222,-127.90649999999913,4860.389500000023,-994.6775000000014,4.886397349894832,1.1116505667850916,1.5127790068916205,-269.93499999999443,-1379.4165000000057,-861.4605000000178,-215.13249999999707,-129.6839999999946
r30 t1 s2,30,1.0,2.0,-2453.539000000045,-2483.510000000058,-0.9879319994684892,0.911500655934374,-1.5486678470373716,-95.60300000000052,3903.2779999999893,-1367.7270000000258,2.8538429087090593,1.0817711213977523,1.0757075628740795,-362.1779999999948,-1304.1610000000035,-678.2370000000292,-331.45900000001416,-139.68199999999842
r30 t2 s1,30,2.0,1.0,-2048.581999999993,-2275.301000000003,-0.9003564803074363,0.925674355322951,-1.2255662029470218,-117.80200000000012,9168.726000000053,-775.351999999999,11.825243244358775,1.1939919065571323,2.3177987987801996,-363.45400000000143,-890.948000000008,-759.8250000000021,-159.18799999997617,-238.62100000000677
r30 t2 s1.5,30,2.0,1.5,-2959.946499999994,-3133.1855000000223,-0.9447083487396367,0.9132167845935549,-1.4980840101783068,-122.87500000000044,8715.514000000087,-1136.210500000011,7.670686021648279,1.1493553951116058,1.8764671701192155,-544.7610000000012,-1277.2790000000089,-1070.8115000000032,-208.0879999999804,-403.76800000000196
r30 t2 s2,30,2.0,2.0,-3157.0230000000374,-3277.1680000000583,-0.9633387729893558,0.9176063678512978,-1.4862990633297257,-183.3990000000008,9123.266000000063,-1129.132999999998,8.079886071879999,1.14021308971137,1.843566290327566,-606.511999999992,-1199.3790000000045,-1020.0530000000164,-449.9199999999983,-487.67100000001864
r30 t3 s1,30,3.0,1.0,-2307.871000000009,-2398.9030000000116,-0.9620526549010102,0.9230715051661303,-1.1338201213224735,-110.49600000000054,12689.12900000007,-1110.4919999999993,11.426582992043237,1.2487361123095757,2.582517337980311,-363.45400000000143,-1069.3160000000144,-746.1270000000127,-111.28999999997642,-381.138000000006
r30 t3 s1.5,30,3.0,1.5,-2362.847000000001,-2505.8185000000067,-0.9429441916882627,0.9371437772646212,-0.9833839708924345,-112.93100000000094,12924.476000000117,-1798.38349999999,7.1867185169348975,1.2011534708816114,2.2358812013280263,-544.7610000000012,-1055.7370000000155,-1052.640500000008,3.5530000000277653,-258.02250000000527
r30 t3 s2,30,3.0,2.0,-2828.0650000000433,-2880.7900000000623,-0.9816977287480109,0.9342347783056024,-1.091347565180998,-167.46700000000055,14043.825000000055,-1402.2829999999976,10.014972013495193,1.1943473606575798,2.2953632355593734,-570.9399999999862,-1066.0050000000138,-1178.7570000000233,43.17500000001245,-626.4780000000194
r30 t4 s1,30,4.0,1.0,-1588.2980000000061,-1733.1340000000084,-0.9164311588140319,0.9489403887691346,-0.6704053317180517,-103.19000000000095,15458.316000000093,-1177.742999999984,13.125372852991106,1.2937588950847456,2.713576749265704,-363.45400000000143,-601.1030000000263,-636.667999999996,210.39600000000956,-560.9229999999931
r30 t4 s1.5,30,4.0,1.5,-1842.507500000001,-2090.8445000000006,-0.8812264613652524,0.9534000741877917,-0.6524950727734274,-112.93100000000094,16042.708000000126,-1994.108499999984,8.045052714032488,1.2398403710164727,2.3956958204797196,-544.7610000000012,-519.2525000000238,-1016.0304999999875,153.2785000000082,-460.502999999998
r30 t4 s2,30,4.0,2.0,-2369.9890000000605,-2457.537000000067,-0.9643757143839526,0.9481551821914095,-0.777254206710661,-151.5350000000003,17578.380000000103,-1832.5709999999926,9.59219588217874,1.232523968644628,2.51137452987185,-539.7090000000015,-703.6250000000325,-1053.128000000005,345.3989999999945,-958.6350000000182
r30 t5 s1,30,5.0,1.0,-1154.639999999964,-1472.9799999999727,-0.7838802970848113,0.9635647188056445,-0.43861383508744295,-95.88400000000136,16379.896000000086,-1153.9489999999932,14.194644650673627,1.305759825550781,2.7219286526449755,-363.45400000000143,-338.4900000000174,-562.326999999988,380.2790000000302,-634.1019999999891
r30 t5 s1.5,30,5.0,1.5,-1630.041999999962,-2384.8234999999554,-0.6835063475347305,0.9598484082459404,-0.5164952892576605,-112.93100000000094,17544.238500000116,-2121.5934999999863,8.269368519464368,1.256182694502853,2.446571834418948,-544.7610000000012,-194.85150000001386,-1097.122499999977,344.8275000000272,-682.8954999999984
r30 t5 s2,30,5.0,2.0,-2038.7780000000241,-2585.161000000011,-0.7886464324659143,0.9567280675017168,-0.5988271849862481,-146.92400000000043,19909.52000000013,-1884.7959999999784,10.563222757264107,1.2575444824712263,2.646672534659629,-539.7090000000015,-336.7680000000245,-1085.8489999999892,547.646000000006,-1163.8070000000178
r30 tnone s1,30,99.0,1.0,1220.1050000000027,-1280.988,0.9524718420469221,1.037322968229875,0.28765671942603077,-120.39899999999942,16450.381000000052,-2144.240999999979,7.671889960130514,1.2988232123982946,2.046928135310955,-363.45400000000143,328.1269999999955,-306.9729999999925,1422.4329999999932,-223.48199999999247
r30 tnone s1.5,30,99.0,1.5,1728.1045000000224,-1333.901499999994,1.2955263188474038,1.040854887898946,0.335655911397959,-178.6370000000015,18468.50650000012,-3176.035499999978,5.8149559411411635,1.260410984183197,1.8967050535791858,-587.823000000002,840.6554999999962,-703.1399999999798,1696.0750000000025,-105.48599999999652
r30 tnone s2,30,99.0,2.0,1199.2159999999894,-1560.8180000000114,0.7683253268478328,1.0242320069746513,0.21790659344326244,-247.12700000000177,21546.894000000135,-2890.911999999971,7.453320613010825,1.2680125347941011,2.0993655207229507,-629.2880000000023,488.3549999999923,-627.7279999999893,1956.1769999999867,-617.5880000000005
r60 t1 s1,60,1.0,1.0,-2013.468000000032,-2115.7850000000303,-0.9516411166541038,0.927933253571279,-1.186175581506361,-95.99000000000113,4636.613999999976,-1123.275999999993,4.127760229898978,1.0974712298239615,1.328600886323441,-419.0759999999959,-1410.8530000000067,-234.30900000001697,53.84200000000153,-422.1480000000098
r60 t1 s1.5,60,1.0,1.5,-2417.6140000000196,-2480.0815000000234,-0.9748123196757835,0.9257503422540507,-1.2353223659742014,-151.2140000000004,3058.8879999999817,-1332.9299999999787,2.2948601952090737,1.054788343393455,0.7253422252214898,-727.1169999999933,-1720.9514999999901,50.071999999993665,15.30850000000585,-762.0430000000285
r60 t1 s2,60,1.0,2.0,-2085.037,-2154.249000000006,-0.9678718662512986,0.9401880683251844,-1.0019710086231555,-170.88200000000037,2995.391999999958,-1575.518999999984,1.901209696614251,1.0499861583996064,0.695700583326245,-474.42699999999826,-967.4619999999779,79.37499999999257,-267.2259999999966,-929.7240000000177
r60 t2 s1,60,2.0,1.0,-2343.5360000000046,-2862.432000000006,-0.8187219818671674,0.9330241067500746,-0.9548728100380044,-95.99000000000113,11296.771999999983,-1808.7259999999815,6.245706646556802,1.1958656515869321,2.059283465448769,-493.888999999996,-813.9270000000034,-584.5950000000128,-177.79699999998698,-767.2170000000019
r60 t2 s1.5,60,2.0,1.5,-2748.5444999999777,-2965.2399999999893,-0.9269214296313242,0.9355909180985768,-0.9915344096712106,-178.73599999999988,10549.772500000014,-1921.8199999999433,5.489469617342063,1.1513979987264358,1.6820104276214543,-593.3569999999912,-1010.5369999999829,-263.96149999999204,161.34800000001422,-1635.3940000000166
r60 t2 s2,60,2.0,2.0,-2789.757999999966,-3074.792999999981,-0.9072994507272468,0.9409626654447922,-0.975725164675701,-150.19699999999784,11912.394000000017,-1536.1599999999803,7.7546570669723005,1.1571314870440261,1.9307782804297335,-818.7829999999907,-366.0739999999705,-481.87799999999044,-286.9989999999898,-1654.8070000000148
r60 t3 s1,60,3.0,1.0,-1761.310000000036,-2253.7950000000333,-0.7814863374885516,0.9531536300863211,-0.5738732111803371,-126.97700000000155,13178.578999999962,-2052.9439999999736,6.419356300025783,1.2148046027386397,2.0068624505037014,-493.888999999996,-934.4850000000134,-305.6620000000105,219.26200000001145,-740.4250000000231
r60 t3 s1.5,60,3.0,1.5,-2108.554000000021,-2288.5290000000255,-0.9213577804782013,0.9547725793589524,-0.6044522811635885,-206.62050000000167,12197.962999999998,-2347.127499999971,5.196975025856136,1.1620333636182643,1.6382405071422281,-642.6059999999948,-1024.9969999999948,-33.57950000000244,661.2550000000081,-1711.232500000032
r60 t3 s2,60,3.0,2.0,-2412.4760000000115,-2608.6290000000427,-0.924806095462395,0.9539388771123986,-0.662386389535976,-286.2640000000022,14601.246999999994,-2321.9109999999596,6.288461099499614,1.1771190963058877,1.9551693833509503,-776.7969999999899,-615.3419999999851,-269.09299999999735,405.7740000000041,-1933.8150000000328
r60 t4 s1,60,4.0,1.0,-1008.5610000000223,-1739.8060000000378,-0.5796973915482533,0.9739075349834548,-0.28143736235944794,-122.45699999999941,14815.648000000005,-2140.7759999999616,6.920690441223309,1.2358370561538572,2.031029159827749,-493.888999999996,-444.4869999999987,-337.2690000000059,715.1759999999954,-941.9810000000132
r60 t4 s1.5,60,4.0,1.5,-1427.635999999991,-2195.775000000013,-0.6501740843210178,0.9704745376608294,-0.35042030575600674,-195.57050000000194,14521.036500000057,-2119.610499999968,6.850804192562868,1.1877465002985084,1.7596047556991716,-642.6059999999948,-548.7794999999846,-135.05799999998948,1190.0229999999967,-1933.8215000000139
r60 t4 s2,60,4.0,2.0,-1717.4149999999918,-2536.574000000024,-0.6770608702919668,0.9685697239190789,-0.4016255715674632,-275.2140000000025,17538.664000000077,-2073.9699999999484,8.456565909825365,1.206943541324565,2.0796495382145177,-734.8109999999891,-220.56999999997902,-292.7239999999829,1043.9439999999943,-2248.065000000024
r60 t5 s1,60,5.0,1.0,-1008.6190000000109,-1684.9449999999956,-0.5986064827041913,0.9742806599816343,-0.2564828080084534,-131.9809999999993,15431.647000000008,-2640.8669999999674,5.843401807058136,1.2427813110688928,1.946480372170864,-493.888999999996,-443.66200000000225,-423.53000000000236,912.8810000000009,-1054.308000000007
r60 t5 s1.5,60,5.0,1.5,-1213.838500000007,-2465.9610000000202,-0.4922375090279193,0.9753530678309958,-0.2685295279955496,-230.8869999999988,15340.076500000037,-2601.2544999999873,5.897184031781632,1.1954323135182927,1.7126929240037465,-642.6059999999948,-372.14949999998885,-206.40999999999423,1515.0484999999935,-2150.3275000000176
r60 t5 s2,60,5.0,2.0,-1626.8750000000105,-2808.7330000000325,-0.5792202391612131,0.9708751417708139,-0.3411929079896016,-264.1640000000028,17937.60200000007,-2613.18299999998,6.864273187143882,1.2084298898068386,1.9574335857625256,-692.8249999999883,-90.8359999999841,-362.4389999999849,1283.4889999999903,-2457.089000000032
r60 tnone s1,60,99.0,1.0,769.7359999999716,-1342.0490000000173,0.5735528285479604,1.0193101833034452,0.14362761507067512,-171.17700000000048,15766.773999999983,-2937.7749999999905,5.3669099914050715,1.24550938875492,1.716607050325153,-493.888999999996,551.6829999999898,-384.69600000000594,1148.8939999999839,-546.1449999999961
r60 tnone s1.5,60,99.0,1.5,412.6349999999552,-2210.0995000000057,0.18670426376728927,1.0081953294159558,0.06708854992718354,-256.3455000000007,16371.710499999996,-3157.372499999972,5.185232499491314,1.2058253423791054,1.5725097549425366,-642.6059999999948,1049.7374999999913,-291.9045000000075,1450.7689999999773,-1795.9670000000062
r60 tnone s2,60,99.0,2.0,-60.35000000003538,-2512.96900000003,-0.02401541761957058,0.9989469563688859,-0.009369022256209066,-341.51400000000086,20193.057000000008,-2891.9789999999666,6.982435557104751,1.2316549272071216,1.8852711681583783,-697.869999999992,1357.8949999999977,-586.6290000000092,1189.8699999999776,-2021.486000000001
