set,rng,tgt,stop,net_tr,pf_tr,dd_tr,net_ho,pf_ho,dd_ho,sh_ho,net_all,rdd_all,dd_all,sh_all,both
7h,15,1.0,1.0,1016.9739999999852,1.062264161571119,-611.6669999999958,2003.516000000021,1.15120827541528,-856.3820000000035,2.371315603801334,3020.490000000006,2.8940295890474332,-1043.6969999999887,1.4177103341785724,True
7h,15,1.0,1.5,1236.7119999999495,1.0647704562436504,-715.4624999999901,847.5325000000524,1.0516388805814612,-1089.3845000000022,0.8924890700621388,2084.244500000002,1.625258498075507,-1282.407999999992,0.8644332291901791,True
7h,15,1.0,2.0,804.3449999999519,1.03824358100788,-840.8240000000096,433.21000000005006,1.0236765577047329,-2032.6490000000051,0.3876656357714943,1237.555000000002,0.5454290231150319,-2268.9569999999776,0.4430462856593746,True
7h,15,2.0,1.0,1890.4099999999903,1.0890704149168593,-599.5179999999987,4733.061000000003,1.282031410374249,-586.6200000000038,4.177025005124168,6623.470999999994,11.047993554822385,-599.5179999999987,2.2479753126607163,True
7h,15,2.0,1.5,2835.006999999971,1.1091104037148087,-835.6149999999957,3723.158500000043,1.1724649615844074,-917.2740000000093,2.8536347767539487,6558.165500000014,7.149625411818004,-917.274000000009,1.9168798196554875,True
7h,15,2.0,2.0,2410.2359999999735,1.0814548094270817,-1130.0750000000091,4071.4980000000432,1.1665824514189875,-1480.3000000000266,2.6621821824653695,6481.734000000017,4.37866243329048,-1480.300000000027,1.6524271682637932,True
7h,15,3.0,1.0,3525.5419999999967,1.1526314508910966,-971.9850000000038,5250.0360000000155,1.2814960258395502,-797.2699999999984,3.695208675210078,8775.578000000012,8.325517191653567,-1054.058000000004,2.409544233455219,True
7h,15,3.0,1.5,4763.5479999999825,1.1641615468434996,-1257.7674999999927,4012.036500000048,1.1630770431417592,-1076.8074999999887,2.4723319266938524,8775.58450000003,5.356322481017689,-1638.3599999999792,2.054282390761979,True
7h,15,3.0,2.0,4260.09199999995,1.1267030711030965,-1580.0200000000027,4963.807000000068,1.1761552653983067,-1689.3479999999945,2.614275620193562,9223.899000000018,4.47515302241098,-2061.1359999999854,1.8938616783415296,True
7h,15,4.0,1.0,4253.208000000042,1.175957430726823,-800.5129999999945,6682.523000000014,1.3451057943799365,-550.6299999999972,3.862911927789409,10935.731000000056,13.66090369550542,-800.5129999999945,2.4959011644904803,True
7h,15,4.0,1.5,5515.284000000045,1.1787598587548973,-1483.9975000000068,5474.467500000021,1.2125066608879942,-971.9590000000052,2.7231061668446355,10989.751500000066,6.767407146949817,-1623.9235000000444,2.121330722679633,True
7h,15,4.0,2.0,4669.397000000029,1.128999536591508,-1959.6800000000003,6515.209000000044,1.2187391788012392,-1554.4639999999986,2.818763402884529,11184.606000000073,5.352761567110226,-2089.5020000000222,1.9042545206410075,True
7h,15,5.0,1.0,4926.464000000077,1.199718223560618,-874.8649999999861,7037.138999999992,1.357181417675141,-542.3979999999979,4.1077346729790785,11963.603000000068,13.674798968984076,-874.8649999999861,2.6505110726796923,True
7h,15,5.0,1.5,6650.515000000067,1.2099658956547803,-1360.1494999999932,5684.899500000024,1.2151674093543015,-827.9380000000043,2.8507256518497255,12335.41450000009,8.028937374765583,-1536.3695000000216,2.3098476479740246,True
7h,15,5.0,2.0,5809.630000000058,1.155466063958693,-1726.999999999999,7608.3080000000355,1.249144517290579,-1359.98,3.2306004505816754,13417.938000000093,7.379986931785727,-1818.152000000001,2.1786886675469184,True
7h,15,99.0,1.0,6667.690000000017,1.2585414243293607,-1745.6409999999987,7626.046000000002,1.373496375157753,-758.3599999999974,3.1959919436891004,14293.736000000019,8.188244891131697,-1745.6409999999987,2.167611911694931,True
7h,15,99.0,1.5,8675.31200000003,1.2575088818817344,-2552.3485,7208.737500000013,1.2625431803928724,-936.9750000000058,2.520309064343496,15884.049500000045,6.223307475448607,-2552.3485,1.985625081488399,True
7h,15,99.0,2.0,7962.129000000044,1.198282634241483,-2923.7730000000083,9861.872000000028,1.3104365710233457,-1083.8159999999955,2.9332912107263702,17824.001000000073,6.096232847078078,-2923.7730000000083,1.9507642104414233,True
7h,30,1.0,1.0,1751.658999999998,1.0842859045570794,-677.4579999999921,3342.790000000002,1.205544314368881,-737.1419999999966,2.9618127393612528,5094.449,6.911082260948397,-737.1419999999966,1.8299368239841491,True
7h,30,1.0,1.5,1470.6305000000148,1.0603543121914933,-987.712499999983,3389.759000000009,1.176867443401265,-615.6809999999975,2.6803960815590395,4860.389500000024,4.886397349894832,-994.6775000000014,1.5127790068916205,True
7h,30,1.0,2.0,1475.8820000000048,1.0561035444043172,-996.5000000000065,2427.395999999986,1.1132826004657872,-1229.387999999996,1.676482333682852,3903.277999999991,2.8538429087090593,-1367.7270000000258,1.0757075628740795,True
7h,30,2.0,1.0,3342.417000000024,1.1261132625207555,-775.351999999999,5826.309000000032,1.2806486812162416,-523.2680000000071,3.785319480864419,9168.726000000057,11.825243244358775,-775.351999999999,2.3177987987801996,True
7h,30,2.0,1.5,3459.985000000058,1.1069020792482782,-1136.210500000011,5255.529000000031,1.2022269818057918,-601.989999999992,2.9265879261144048,8715.51400000009,7.670686021648279,-1136.210500000011,1.8764671701192155,True
7h,30,2.0,2.0,3481.030000000045,1.0961186406925667,-858.3489999999783,5642.23600000002,1.1955634600279919,-1129.1329999999984,2.931734769183136,9123.266000000065,8.079886071879999,-1129.132999999998,1.843566290327566,True
7h,30,3.0,1.0,4485.25000000006,1.1557564676916088,-1110.4919999999993,8203.879000000012,1.3692469550967217,-637.5800000000014,4.2507658616240676,12689.129000000072,11.426582992043237,-1110.4919999999993,2.582517337980311,True
7h,30,3.0,1.5,4975.402000000098,1.138198881593352,-1798.38349999999,7949.0740000000205,1.2813825129741312,-822.4379999999887,3.5644400284400386,12924.476000000119,7.1867185169348975,-1798.38349999999,2.2358812013280263,True
7h,30,3.0,2.0,5266.767000000051,1.1294716048982125,-1402.2829999999976,8777.058000000008,1.277908641264649,-753.4990000000007,3.706359609835921,14043.825000000059,10.014972013495193,-1402.2829999999976,2.2953632355593734,True
7h,30,4.0,1.0,4856.3790000001145,1.1629082939478965,-1177.742999999984,10601.936999999984,1.4647535877353417,-569.1679999999878,4.760313286351896,15458.316000000097,13.125372852991106,-1177.742999999984,2.713576749265704,True
7h,30,4.0,1.5,5577.36200000013,1.1482263281082086,-1994.108499999984,10465.345999999998,1.3576457048786084,-819.8909999999937,4.087333078958091,16042.708000000128,8.045052714032488,-1994.108499999984,2.3956958204797196,True
7h,30,4.0,2.0,5758.846000000114,1.1346143174464898,-1832.5709999999926,11819.533999999989,1.360156151825393,-680.9379999999801,4.437360323870026,17578.380000000103,9.59219588217874,-1832.5709999999926,2.51137452987185,True
7h,30,5.0,1.0,6296.459000000083,1.208139973845565,-1153.9489999999932,10083.437000000005,1.4323936593759563,-613.8410000000035,4.388676198771883,16379.896000000088,14.194644650673627,-1153.9489999999932,2.7219286526449755,True
7h,30,5.0,1.5,7214.63350000008,1.1876373012723505,-2121.5934999999863,10329.605000000038,1.3439370322772797,-1004.6359999999781,3.862156759295856,17544.238500000116,8.269368519464368,-2121.5934999999863,2.446571834418948,True
7h,30,5.0,2.0,7274.519000000099,1.1657929918827883,-1884.7959999999784,12635.001000000037,1.3779760111642783,-642.1719999999805,4.521445249062248,19909.520000000135,10.563222757264107,-1884.7959999999784,2.646672534659629,True
7h,30,99.0,1.0,6483.391999999999,1.207885452454104,-2144.240999999979,9966.989000000056,1.4176716408353525,-724.4020000000019,3.2606281050521306,16450.381000000056,7.671889960130514,-2144.240999999979,2.046928135310955,True
7h,30,99.0,1.5,7666.551500000027,1.1918477815129584,-3176.035499999978,10801.955000000093,1.3489119068057038,-977.9039999999968,2.9807275071452586,18468.50650000012,5.8149559411411635,-3176.035499999978,1.8967050535791858,True
7h,30,99.0,2.0,7895.399000000036,1.1723589132397385,-2890.911999999971,13651.495000000104,1.3946978597835775,-913.5100000000075,3.5820621579069334,21546.89400000014,7.453320613010825,-2890.911999999971,2.0993655207229507,True
7h,60,1.0,1.0,2150.941999999965,1.0806777897245297,-725.3569999999934,2485.6720000000128,1.1188852695679847,-1123.2759999999926,1.795521577935225,4636.613999999978,4.127760229898978,-1123.275999999993,1.328600886323441,True
7h,60,1.0,1.5,1423.0674999999956,1.0459694661255103,-1087.2835000000234,1635.8204999999887,1.065763739189778,-1332.9299999999782,0.9617656300227632,3058.8879999999845,2.2948601952090737,-1332.9299999999787,0.7253422252214898,True
7h,60,1.0,2.0,702.2239999999799,1.0208585572306477,-1495.9800000000232,2293.1679999999797,1.0873307087039974,-1575.5189999999836,1.3544692400681884,2995.39199999996,1.901209696614251,-1575.518999999984,0.695700583326245,True
7h,60,2.0,1.0,4963.028999999977,1.1509651462053758,-1449.6479999999792,6333.7430000000095,1.2553846658792727,-1808.7259999999892,2.9154870667932222,11296.771999999986,6.245706646556802,-1808.7259999999815,2.059283465448769,True
7h,60,2.0,1.5,4361.57900000002,1.110413703273339,-1700.4484999999777,6188.193499999998,1.205041334268404,-1921.8199999999513,2.468339737241765,10549.772500000017,5.489469617342063,-1921.8199999999433,1.6820104276214543,True
7h,60,2.0,2.0,4248.609000000002,1.0977274471782155,-1536.1599999999803,7663.785000000014,1.2369932395658203,-1362.168999999963,3.1375155050567165,11912.394000000017,7.7546570669723005,-1536.1599999999803,1.9307782804297335,True
7h,60,3.0,1.0,4651.545000000012,1.1314211679523398,-1742.3529999999673,8527.033999999949,1.328502474641996,-1449.4880000000012,3.3701685890890443,13178.578999999962,6.419356300025783,-2052.9439999999736,2.0068624505037014,True
7h,60,3.0,1.5,3699.072500000044,1.0854812977045314,-2347.127499999971,8498.890499999958,1.265531475562797,-1533.8239999999555,2.9394564098569353,12197.963000000002,5.196975025856136,-2347.127499999971,1.6382405071422281,True
7h,60,3.0,2.0,3640.9810000000325,1.075921883835076,-2321.9109999999596,10960.26599999996,1.317868396107191,-847.2039999999997,3.8130536823307595,14601.246999999992,6.288461099499614,-2321.9109999999596,1.9551693833509503,True
7h,60,4.0,1.0,5330.666000000056,1.1468312756385528,-1638.2979999999607,9484.981999999953,1.3576965430269947,-1627.257000000016,3.4489265987477005,14815.648000000008,6.920690441223309,-2140.7759999999616,2.031029159827749,True
7h,60,4.0,1.5,4833.825000000088,1.1087118912962295,-2033.9734999999655,9687.211499999972,1.2946294978090989,-1864.3859999999745,3.0901322363648926,14521.03650000006,6.850804192562868,-2119.610499999968,1.7596047556991716,True
7h,60,4.0,2.0,4876.653000000092,1.0986413667775319,-2073.9699999999484,12662.010999999988,1.3585677149387434,-1003.2579999999871,3.9601538963972955,17538.66400000008,8.456565909825365,-2073.9699999999484,2.0796495382145177,True
7h,60,5.0,1.0,5671.106000000022,1.154031691258359,-1999.4119999999675,9760.540999999988,1.3649600420817474,-1284.6670000000086,3.2715259669253265,15431.64700000001,5.843401807058136,-2640.8669999999674,1.946480372170864,True
7h,60,5.0,1.5,5435.346000000031,1.1203060950005284,-2357.2354999999798,9904.730500000005,1.2973167357540396,-1471.446999999955,2.914763404908414,15340.076500000036,5.897184031781632,-2601.2544999999873,1.7126929240037465,True
7h,60,5.0,2.0,5473.928000000059,1.1087486240108335,-2258.4869999999764,12463.674000000012,1.3488782476000836,-1095.216000000004,3.5999230759893557,17937.60200000007,6.864273187143882,-2613.18299999998,1.9574335857625256,True
7h,60,99.0,1.0,6511.779999999999,1.1745284584001172,-2709.490999999978,9254.993999999986,1.343924607812351,-1336.8369999999986,2.761198998382221,15766.773999999985,5.3669099914050715,-2937.7749999999905,1.716607050325153,True
7h,60,99.0,1.5,6524.974000000018,1.1418056285866514,-3157.372499999972,9846.736499999977,1.2936847075932878,-1371.9909999999672,2.554059298584311,16371.710499999996,5.185232499491314,-3157.372499999972,1.5725097549425366,True
7h,60,99.0,2.0,7096.83300000002,1.138433306171392,-2891.9789999999666,13096.223999999991,1.3647634506589268,-1125.040999999983,3.3056217907191545,20193.05700000001,6.982435557104751,-2891.9789999999666,1.8852711681583783,True
8h,15,1.0,1.0,716.7979999999868,1.0362291496062845,-596.5489999999949,1615.358000000024,1.10115267199282,-862.1360000000042,1.816270128835451,2332.156000000011,2.015220289802493,-1157.2709999999952,1.0281936489665262,True
8h,15,1.0,1.5,371.87949999995965,1.0158395828205702,-767.4564999999964,800.3405000000548,1.0413205893929203,-891.6859999999598,0.7743861461842216,1172.2200000000144,1.0688728243584558,-1096.687999999989,0.44240961601137185,True
8h,15,1.0,2.0,97.39599999994024,1.0037923769780628,-957.253000000005,456.8400000000495,1.0212973282118578,-1859.723999999994,0.3834572936762603,554.2359999999898,0.26406311565660884,-2098.8769999999754,0.18165305742085588,True
8h,15,2.0,1.0,1889.5349999999735,1.074313563053624,-540.1400000000074,4493.018000000002,1.2249637233054425,-717.1970000000027,3.757060843163084,6382.552999999975,8.899302423183526,-717.1970000000024,2.028841535743959,True
8h,15,2.0,1.5,2342.902499999957,1.0747639416979722,-856.0409999999929,3836.8075000000435,1.1519390075057576,-629.0919999999979,2.8442407576253186,6179.710000000001,7.218941616114243,-856.0409999999929,1.7064240559074777,True
8h,15,2.0,2.0,2256.784999999937,1.063890124788139,-977.2200000000269,4081.376000000039,1.1431077173290758,-1201.441999999988,2.6161034896325703,6338.160999999976,5.27546148711302,-1201.4419999999877,1.5475861487452827,True
8h,15,3.0,1.0,3664.887999999977,1.1329971951794386,-889.0299999999947,4948.525000000025,1.2246005457377636,-1096.1270000000036,3.3907789760260685,8613.413000000002,6.892963720245355,-1249.5950000000012,2.2514319486431154,True
8h,15,3.0,1.5,4510.42349999996,1.129997770214372,-1299.429499999993,3934.5145000000566,1.137272428699676,-814.8430000000103,2.319352294186753,8444.938000000016,5.931902384543876,-1423.6475000000146,1.8661078985235349,True
8h,15,3.0,2.0,4423.493999999913,1.1113631138029834,-1349.24099999999,4946.301000000076,1.1519261643229377,-1379.7269999999912,2.507993432058368,9369.79499999999,5.725235827439994,-1636.5779999999822,1.834225657977711,True
8h,15,4.0,1.0,4673.508000000011,1.162943278786914,-809.2919999999931,6566.570000000029,1.28834833952384,-880.3080000000134,3.777809463557899,11240.07800000004,12.768346987645105,-880.3080000000118,2.480274224767066,True
8h,15,4.0,1.5,5500.930500000011,1.1501936699626192,-1548.8345000000008,5586.278500000029,1.186792464975025,-664.3000000000202,2.7085313549897685,11087.20900000004,7.158420735075331,-1548.8345000000008,2.0463276747778423,True
8h,15,4.0,2.0,5040.729999999983,1.1188328886703687,-1743.439999999996,6730.29400000005,1.1967946850329019,-867.7559999999912,2.8451226789971384,11771.024000000034,6.751608314596463,-1743.439999999996,1.9370034637269395,True
8h,15,5.0,1.0,5216.047000000057,1.1784218137583824,-896.5779999999813,7008.353000000004,1.3025750307697435,-691.0290000000168,3.9826771386222206,12224.40000000006,12.125540468559878,-1008.1530000000012,2.5751111509442652,True
8h,15,5.0,1.5,6591.294000000049,1.175791949279872,-1608.793499999987,6005.92150000004,1.1960011266132766,-803.7190000000245,2.8537669628126507,12597.21550000009,7.157279041894355,-1760.0565000000215,2.2168819254707453,True
8h,15,5.0,2.0,6192.473000000026,1.1418949990759892,-1862.024999999985,7944.188000000053,1.226627819058973,-813.7059999999901,3.2439981902727046,14136.66100000008,7.592089794712848,-1862.024999999985,2.196274687800915,True
8h,15,99.0,1.0,7043.8650000000125,1.2319277901836434,-1820.976999999999,7391.317999999999,1.3092502040729233,-657.5999999999967,3.0802452208410465,14435.183000000012,7.927163824694115,-1820.976999999999,2.1275348648982724,True
8h,15,99.0,1.5,8512.30350000003,1.2151797696265711,-2797.110500000007,7277.852500000001,1.22949733027358,-778.806000000006,2.4194488868782775,15790.156000000032,5.645167039342918,-2797.110500000007,1.8779310865582406,True
8h,15,99.0,2.0,8217.772000000035,1.1767614912192088,-3155.777000000012,9934.777000000016,1.2734718881930445,-954.302000000002,2.801292449694886,18152.54900000005,5.7521646808377085,-3155.777000000012,1.8969710184866655,True
8h,30,1.0,1.0,2486.8720000000003,1.1010867363148262,-996.3740000000095,2953.537000000014,1.1509065751575083,-1034.999999999995,2.495656165667947,5440.409000000014,5.25643381642516,-1034.999999999995,1.835563464186985,True
8h,30,1.0,1.5,2140.554500000016,1.0744643845012627,-1035.6380000000238,3509.373000000027,1.1558701942263112,-754.5990000000013,2.5483654879804933,5649.927500000043,5.455504239898414,-1035.6380000000238,1.6051304443175634,True
8h,30,1.0,2.0,2501.2409999999873,1.0815340285387236,-1293.6000000000085,2048.703000000003,1.0808744502088952,-1126.620000000002,1.2944458176629787,4549.94399999999,3.517272727272696,-1293.6000000000085,1.144152783073953,True
8h,30,2.0,1.0,4118.692000000006,1.1316571928625794,-861.6279999999956,4760.339000000061,1.191354449829816,-719.5200000000001,2.9796849088766675,8879.031000000068,10.304947146564542,-861.6279999999956,2.114936104454038,True
8h,30,2.0,1.5,4045.89300000003,1.1065607355761329,-1254.0935000000022,4587.140000000061,1.1508548459908507,-729.9799999999924,2.3797684735765183,8633.03300000009,6.883883059755971,-1254.0935000000022,1.7097795397243372,True
8h,30,2.0,2.0,4471.489,1.1065578124441104,-1125.6329999999962,4495.833000000045,1.1328991150647585,-1065.738999999996,2.1766981127979164,8967.322000000044,7.966470421531771,-1125.6329999999962,1.694112569297029,True
8h,30,3.0,1.0,5690.323000000035,1.1687092170842406,-1166.6459999999988,7164.800000000031,1.271153886036954,-831.9210000000003,3.6353271235559452,12855.123000000065,11.018872048590643,-1166.6459999999988,2.5069939542292,True
8h,30,3.0,1.5,5957.2565000000595,1.1424056572365024,-1878.4444999999932,7589.053000000039,1.2315905207906215,-851.0589999999884,3.116648035789665,13546.309500000098,7.211450484696324,-1878.4444999999932,2.139529142881172,True
8h,30,3.0,2.0,6556.944000000003,1.140393916534258,-1378.0350000000099,7965.349000000023,1.2173317550073137,-985.3229999999969,3.1098594315612473,14522.293000000027,10.53840649910918,-1378.0350000000099,2.205112540987437,True
8h,30,4.0,1.0,6208.133000000095,1.1784868035871885,-1174.9959999999974,9605.183999999987,1.3551344094211268,-741.0950000000012,4.323373271591497,15813.317000000083,13.458187942767566,-1174.9959999999974,2.7126603743487463,True
8h,30,4.0,1.5,6680.522500000099,1.153469905429388,-2093.8564999999835,9917.301999999996,1.293197545150663,-909.0220000000008,3.6743389441303416,16597.824500000097,7.9269159562750495,-2093.8564999999835,2.323765169190784,True
8h,30,4.0,2.0,7233.9850000000815,1.1480360927230944,-1749.692999999981,10720.963999999993,1.282294340009758,-906.7909999999956,3.8178595955297165,17954.949000000073,10.261771064981266,-1749.692999999981,2.431919974957798,True
8h,30,5.0,1.0,7454.880000000072,1.2114672103536943,-1213.855999999997,9122.321000000004,1.3310622266936518,-798.757999999998,3.927880215325641,16577.201000000074,13.656645434054878,-1213.855999999997,2.659362631385439,True
8h,30,5.0,1.5,8145.394500000063,1.1835811816563,-2202.181499999989,9861.677000000036,1.2850501146192215,-974.0829999999887,3.4718807203374373,18007.0715000001,8.176924336164022,-2202.181499999989,2.340585394931848,True
8h,30,5.0,2.0,8611.187000000085,1.1722789347251092,-1759.6449999999777,11616.547000000039,1.3010387706773345,-828.2589999999946,3.9252581677938956,20227.734000000124,11.495349346033079,-1759.6449999999777,2.5397660057987883,True
8h,30,99.0,1.0,7759.373999999995,1.2143622349905738,-2094.5029999999833,8943.492000000067,1.3180456040144328,-742.4979999999841,2.935564158214216,16702.866000000064,7.974620232102887,-2094.5029999999833,2.04497147496154,True
8h,30,99.0,1.5,8659.414500000017,1.1886861495383285,-3271.016499999985,10175.85900000011,1.2861989607593773,-1105.278999999996,2.7054329411658022,18835.273500000127,5.7582324943943926,-3271.016499999985,1.8527968941906805,True
8h,30,99.0,2.0,9223.481000000022,1.1776113358764673,-2846.9259999999886,12463.805000000126,1.3132256681996675,-1255.4920000000166,3.1346316903538325,21687.286000000146,7.617790557253768,-2846.9259999999886,2.0280984833971796,True
8h,60,1.0,1.0,3115.894999999957,1.0992323058791762,-953.5979999999922,2351.6880000000074,1.0961198479241123,-861.1910000000015,1.585950166591237,5467.582999999964,5.214571968107361,-1048.5200000000063,1.444966815600691,True
8h,60,1.0,1.5,2199.5204999999833,1.0609823579918283,-1170.8634999999995,1007.3934999999763,1.0346860181511228,-1229.1320000000455,0.5569934195934501,3206.9139999999597,2.609088364797146,-1229.1320000000437,0.7131903035083358,True
8h,60,1.0,2.0,1548.138999999964,1.0399086833136921,-1141.0360000000244,1938.852999999971,1.0640601810909467,-1561.3529999999796,1.0920663823500314,3486.9919999999347,2.2333143113696776,-1561.3529999999791,0.7766896161884194,True
8h,60,2.0,1.0,5830.483999999949,1.1532620794796895,-1744.1539999999895,6497.917000000007,1.226380390177056,-1402.8109999999913,2.9716387490004337,12328.400999999956,7.06841311031023,-1744.1539999999895,2.1746760182140115,True
8h,60,2.0,1.5,4892.746999999992,1.108395918431188,-2108.5494999999855,5882.564499999988,1.1694618930185328,-1821.9839999999526,2.342962811844638,10775.31149999998,5.110295726991494,-2108.5494999999855,1.6733755753615374,True
8h,60,2.0,2.0,4834.744999999969,1.0982731710581202,-1861.436999999988,7656.866000000011,1.2084219965734029,-1028.0689999999645,3.1538310159146756,12491.610999999979,6.710735308259188,-1861.436999999988,1.9888523662687825,True
8h,60,3.0,1.0,5618.973,1.1384442273062607,-1958.7959999999757,8638.198999999946,1.288736060107056,-1087.40800000001,3.371293717743144,14257.171999999946,6.427760811014304,-2218.06199999999,2.0973955815463357,True
8h,60,3.0,1.5,4319.134000000029,1.0882441767903244,-2708.4724999999776,8133.667499999951,1.2222680175725693,-1195.396999999943,2.7769601591817965,12452.80149999998,4.5977212247863255,-2708.4724999999776,1.620422097566672,True
8h,60,3.0,2.0,4316.348000000018,1.0803942367492778,-2522.913999999967,10883.213999999962,1.279452997754276,-1020.8040000000146,3.7707781897321064,15199.56199999998,6.024605674232327,-2522.913999999967,1.9905072254222933,True
8h,60,4.0,1.0,6349.005000000049,1.1529988891262832,-1841.2719999999626,9572.410999999938,1.3140880934650834,-1323.0840000000235,3.404390769706943,15921.415999999987,6.922420997070483,-2299.977999999973,2.098708616422626,True
8h,60,4.0,1.5,5504.797500000079,1.1097965709837971,-2378.5124999999616,9298.252499999957,1.2481772923170045,-1485.0429999999687,2.8904236463781734,14803.050000000036,6.223658694247043,-2378.5124999999616,1.7251110722279983,True
8h,60,4.0,2.0,5610.938000000079,1.1017007725392791,-2350.069999999955,12561.222999999976,1.3157916264790124,-1107.1180000000204,3.8794341352221604,18172.161000000055,7.732604135196143,-2350.069999999955,2.095803871361539,True
8h,60,5.0,1.0,6676.060000000014,1.1589154087503957,-2202.3859999999713,9708.273999999983,1.3161878771296274,-1089.9990000000203,3.1880195565338587,16384.333999999995,5.851403661838374,-2800.0689999999804,1.9955455526032349,True
8h,60,5.0,1.5,6092.933500000021,1.1198191244402649,-2733.8284999999814,9376.0755,1.2473859156358809,-1172.333999999988,2.696012900936738,15469.009000000022,5.602193433642086,-2761.241499999999,1.6673017012031939,True
8h,60,5.0,2.0,6194.828000000045,1.1104868997690496,-2629.4739999999774,12223.190000000013,1.304141283386097,-1359.4760000000115,3.462078205413203,18418.01800000006,6.71208122419383,-2744.009999999992,1.9487863034202437,True
8h,60,99.0,1.0,7580.018999999991,1.1783405141482963,-2926.032999999982,9132.931999999992,1.2958519038501684,-1181.7340000000122,2.660013957839259,16712.950999999983,5.396537010123081,-3096.9770000000053,1.7530492347475652,True
8h,60,99.0,1.5,7245.846500000005,1.1401916539447206,-3513.9224999999724,9248.286499999984,1.242640838601418,-1532.6010000000006,2.3395829930986913,16494.132999999987,4.693937615300314,-3513.9224999999724,1.5275066831936397,True
8h,60,99.0,2.0,7881.018000000004,1.1382678642953403,-3277.8259999999764,12785.945,1.3167384165914366,-1396.9520000000139,3.1552715830370985,20666.963000000003,6.305082393025178,-3277.8259999999764,1.8657950891682193,True
