param,trades_tr,net_tr,exp_tr,win_rate_tr,pf_tr,trades_ho,net_ho,exp_ho,win_rate_ho,pf_ho,hour,rng,tgt,both
h00_r15_t1,336,1207.389999999932,3.5934226190474163,49.404761904761905,1.2314268983765913,253,-456.6150000000829,-1.8048023715418295,48.22134387351779,0.967085912245672,0,15,1,False
h00_r15_t2,336,1963.7099999999348,5.844374999999806,34.82142857142857,1.2760405940809674,253,2455.214999999817,9.704407114623782,33.59683794466403,1.1413788615938545,0,15,2,True
h00_r15_t3,336,1451.7499999999834,4.320684523809474,26.488095238095237,1.174331927750266,253,2986.1549999998224,11.802984189722618,27.66798418972332,1.1528202078625551,0,15,3,True
h00_r30_t1,377,1290.204999999938,3.4222944297080584,50.92838196286472,1.1696737324328383,252,5066.689999999898,20.105912698412293,55.952380952380956,1.3146087160080497,0,30,1,True
h00_r30_t2,377,702.1199999999621,1.862387267904409,34.748010610079575,1.0680159354830863,252,8347.449999999857,33.12480158730102,39.682539682539684,1.3854275870841801,0,30,2,True
h00_r30_t3,377,478.8899999999341,1.270265251989215,27.320954907161806,1.0411962739346992,252,15435.484999999862,61.251924603174054,35.714285714285715,1.677671587442459,0,30,3,True
h00_r60_t1,382,1301.4899999999873,3.4070418848167208,51.047120418848166,1.1218255153169956,243,1848.3099999999135,7.6062139917691916,52.2633744855967,1.0890536790875989,0,60,1,True
h00_r60_t2,382,3018.945000000033,7.902997382199039,36.38743455497382,1.2218578415756258,243,8206.199999999893,33.77037037036993,39.91769547325103,1.322798451974079,0,60,2,True
h00_r60_t3,382,799.5950000000698,2.093180628272434,28.272251308900525,1.0507043387801562,243,13824.899999999869,56.89259259259205,37.4485596707819,1.530733532793326,0,60,3,True
h01_r15_t1,379,77.21499999998453,0.20373350923478767,48.02110817941953,1.0076123915913204,249,273.6199999999271,1.0988755020077392,51.80722891566265,1.0136324752045058,1,15,1,True
h01_r15_t2,379,-1139.470000000029,-3.0065171503958545,31.926121372031663,0.9180069884782187,249,4130.544999999965,16.58853413654604,38.152610441767074,1.1698707548710061,1,15,2,False
h01_r15_t3,379,100.66500000005118,0.26560686015844637,25.857519788918204,1.006794376053346,249,5600.844999999939,22.493353413654376,32.53012048192771,1.2127524724944934,1,15,3,True
h01_r30_t1,375,-1635.294999999983,-4.3607866666666215,48.0,0.8816959069827346,245,826.5599999999513,3.3737142857140867,53.06122448979592,1.0362392325995236,1,30,1,False
h01_r30_t2,375,228.26000000006644,0.6086933333335105,34.13333333333333,1.0134331392945255,245,704.6949999999988,2.8763061224489745,38.36734693877551,1.0239776016920201,1,30,2,True
h01_r30_t3,375,2524.2450000001127,6.7313200000003,30.133333333333333,1.1420550854611455,245,4909.394999999906,20.038346938775128,33.46938775510204,1.1591089771532157,1,30,3,True
h01_r60_t1,360,965.5049999999716,2.681958333333254,51.388888888888886,1.0641655202663614,236,712.0099999999554,3.0169915254235398,54.66101694915254,1.0262477409104171,1,60,1,True
h01_r60_t2,360,6400.324999999956,17.778680555555432,42.22222222222222,1.3687656915518023,236,2310.0649999999405,9.788411016948901,39.40677966101695,1.0698609035966293,1,60,2,True
h01_r60_t3,360,7804.609999999933,21.67947222222204,36.94444444444444,1.4229045266321203,236,4332.679999999954,18.35881355932184,34.32203389830508,1.126323296357301,1,60,3,True
h02_r15_t1,374,714.8150000000422,1.9112700534760487,52.94117647058824,1.10191616331053,254,1733.6350000000289,6.825334645669405,49.21259842519685,1.138120803069893,2,15,1,True
h02_r15_t2,374,2520.7150000000893,6.739879679144623,38.50267379679144,1.2778144846873523,254,4428.800000000108,17.43622047244137,38.188976377952756,1.273669985067666,2,15,2,True
h02_r15_t3,374,5861.855000000176,15.673409090909562,34.22459893048128,1.6106302501750283,254,6613.855000000097,26.038799212598807,30.314960629921263,1.367230841626151,2,15,3,True
h02_r30_t1,381,1083.1800000000321,2.8429921259843365,53.54330708661418,1.1244261467444692,254,4141.425000000011,16.304822834645712,53.54330708661418,1.2943325303568132,2,30,1,True
h02_r30_t2,381,4040.6500000000897,10.605380577428058,39.107611548556434,1.3683368755745882,254,5268.650000000055,20.74271653543329,38.976377952755904,1.2715166363300956,2,30,2,True
h02_r30_t3,381,5174.360000000182,13.580997375328561,33.33333333333333,1.4274996850156425,254,7178.730000000108,28.262716535433494,31.88976377952756,1.3377485219711878,2,30,3,True
h02_r60_t1,378,1988.0549999999928,5.259404761904743,52.910052910052904,1.1652965777570836,251,2232.3650000000393,8.89388446215155,51.39442231075697,1.1069167976566465,2,60,1,True
h02_r60_t2,378,4828.210000000031,12.77304232804241,41.7989417989418,1.3281406049880256,251,3832.475000000002,15.268824701195228,36.65338645418327,1.1435681247838976,2,60,2,True
h02_r60_t3,378,4584.755000000057,12.128981481481633,34.12698412698413,1.2852798318470238,251,2543.590000000052,10.133824701195426,29.08366533864542,1.0877256998752556,2,60,3,True
h03_r15_t1,364,286.3300000000458,0.786620879121005,50.0,1.0471616612408252,253,-3234.4000000000137,-12.784189723320212,44.26877470355731,0.7535114933725338,3,15,1,False
h03_r15_t2,364,4.910000000056346,0.013489010989165787,33.791208791208796,1.0005970889784253,253,-6155.860000000188,-24.331462450593627,28.458498023715418,0.6457636984123645,3,15,2,False
h03_r15_t3,364,-894.3699999998422,-2.457060439560006,24.725274725274726,0.9038526350303719,253,-5479.21500000018,-21.656976284585692,23.715415019762844,0.7001573578546266,3,15,3,False
h03_r30_t1,379,-1449.129999999953,-3.823562005276921,48.54881266490765,0.8475682265591473,253,-2801.79500000006,-11.074288537549645,43.873517786561266,0.82208978519357,3,30,1,False
h03_r30_t2,379,533.4100000000415,1.4074142480212175,36.93931398416886,1.046901598176732,253,-2904.8000000000216,-11.48142292490127,29.64426877470356,0.8533578073539172,3,30,2,False
h03_r30_t3,379,173.33000000011634,0.45733509234859193,29.023746701846964,1.013762870185327,253,-1249.060000000057,-4.936996047431055,24.50592885375494,0.9406742670251659,3,30,3,False
h03_r60_t1,385,-1697.6050000000282,-4.409363636363709,48.311688311688314,0.8609433478511217,252,-3937.68499999992,-15.62573412698381,43.65079365079365,0.8009298100112844,3,60,1,False
h03_r60_t2,385,526.1499999999617,1.3666233766232772,37.4025974025974,1.0362742739112691,252,-2561.0199999999254,-10.162777777777482,30.952380952380953,0.8942491562915919,3,60,2,False
h03_r60_t3,385,-433.1350000000333,-1.1250259740260604,29.61038961038961,0.972653952718708,252,2001.5600000000354,7.942698412698554,26.984126984126984,1.0796798570065134,3,60,3,False
h04_r15_t1,319,-398.2150000000669,-1.248322884012749,47.64890282131661,0.9131973432673665,244,-2501.89499999996,-10.253668032786722,44.26229508196721,0.7355278117073529,4,15,1,False
h04_r15_t2,319,267.9300000000139,0.8399059561128962,33.85579937304075,1.0459685513549712,244,-1830.3699999999485,-7.501516393442412,30.737704918032787,0.8422814078752052,4,15,2,False
h04_r15_t3,319,1250.6250000000014,3.92045454545455,27.586206896551722,1.1963754643921534,244,-2201.0599999999345,-9.020737704917764,23.36065573770492,0.8298893499415377,4,15,3,False
h04_r30_t1,370,-181.71500000003718,-0.4911216216217221,50.27027027027027,0.9710170470132583,252,-765.3699999999446,-3.03718253968232,47.61904761904761,0.9325557643994373,4,30,1,False
h04_r30_t2,370,173.86499999995354,0.46990540540527986,34.86486486486486,1.0210370485092881,252,2233.3850000000753,8.862638888889187,36.11111111111111,1.160391609797791,4,30,2,True
h04_r30_t3,370,1802.9949999999606,4.872959459459353,28.37837837837838,1.201652142937425,252,2312.8600000000815,9.178015873016196,28.174603174603174,1.1454954236623398,4,30,3,True
h04_r60_t1,382,-238.36000000002096,-0.6239790575916779,51.57068062827225,0.9737481903421383,253,2837.694999999959,11.216185770750824,53.359683794466406,1.2120780916899079,4,60,1,False
h04_r60_t2,382,676.540000000045,1.771047120418966,35.86387434554974,1.0578923633662736,253,6740.375000000028,26.641798418972442,39.52569169960474,1.3901593283844513,4,60,2,True
h04_r60_t3,382,1302.030000000043,3.4084554973823113,27.748691099476442,1.101808744716157,253,3563.0149999999376,14.083063241106473,29.249011857707508,1.1752676842282832,4,60,3,True
h05_r15_t1,335,1579.0350000000265,4.713537313432915,55.223880597014926,1.3754757248078495,247,3817.4000000000474,15.455060728745131,57.89473684210527,1.4930270522990514,5,15,1,True
h05_r15_t2,335,2123.7400000000093,6.33952238805973,37.61194029850746,1.3517570128132137,247,3987.169999999942,16.142388663967377,37.65182186234818,1.3473242927173394,5,15,2,True
h05_r15_t3,335,2768.089999999998,8.26295522388059,28.955223880597014,1.3995473483577339,247,6351.7700000000195,25.71566801619441,30.364372469635626,1.498816524366877,5,15,3,True
h05_r30_t1,372,2137.6900000000087,5.7464784946236795,56.72043010752689,1.346710717315184,253,5007.950000000011,19.7942687747036,57.70750988142292,1.4416588653892708,5,30,1,True
h05_r30_t2,372,2277.840000000012,6.123225806451645,37.634408602150536,1.2534749539584618,253,7152.560000000009,28.270988142292524,40.316205533596836,1.4505735512236881,5,30,2,True
h05_r30_t3,372,2270.739999999989,6.104139784946207,26.881720430107524,1.2189401543266112,253,9730.740000000029,38.4614229249013,30.8300395256917,1.5468140948175473,5,30,3,True
h05_r60_t1,384,967.0849999999866,2.5184505208332983,52.083333333333336,1.081454410385492,248,2303.800000000058,9.289516129032492,52.41935483870967,1.1100779260741556,5,60,1,True
h05_r60_t2,384,3585.899999999959,9.338281249999893,39.32291666666667,1.2479741756668687,248,5591.850000000097,22.547782258064906,37.903225806451616,1.2151995286418968,5,60,2,True
h05_r60_t3,384,2618.5199999999995,6.8190624999999985,31.25,1.1662299605869453,248,7253.985000000103,29.249939516129448,33.064516129032256,1.2599738377041727,5,60,3,True
h06_r15_t1,370,799.7999999999917,2.161621621621599,54.864864864864856,1.1171485360827156,255,2265.820000000071,8.88556862745126,53.72549019607843,1.1880400044150639,6,15,1,True
h06_r15_t2,370,645.9300000000762,1.7457567567569627,37.2972972972973,1.0683132002597537,255,4613.520000000039,18.0922352941178,40.0,1.28884189832822,6,15,2,True
h06_r15_t3,370,1396.5650000000217,3.7745000000000584,28.91891891891892,1.1328763512986384,255,1963.5300000000184,7.700117647058896,28.627450980392155,1.1035036791081796,6,15,3,True
h06_r30_t1,382,831.7350000000506,2.177316753926834,52.879581151832454,1.0845465357404303,254,4720.04500000013,18.582854330709175,53.54330708661418,1.3149944259197988,6,30,1,True
h06_r30_t2,382,2662.540000000076,6.970000000000199,37.95811518324607,1.2102657917108812,254,5784.555000000158,22.773838582677786,38.582677165354326,1.279783449813951,6,30,2,True
h06_r30_t3,382,3672.1350000001257,9.612918848167869,29.84293193717277,1.2630565300021805,254,4868.310000000203,19.166574803150407,28.346456692913385,1.209161488982029,6,30,3,True
h06_r60_t1,378,1553.0249999999498,4.1085317460316135,52.64550264550265,1.1293075993427268,248,2428.1200000000745,9.790806451613204,49.193548387096776,1.1201304251135418,6,60,1,True
h06_r60_t2,378,1325.44499999995,3.5064682539681216,33.5978835978836,1.0819782345095337,248,3208.6650000000673,12.938165322580916,33.064516129032256,1.1233131780362822,6,60,2,True
h06_r60_t3,378,2090.5749999999766,5.530621693121631,28.835978835978835,1.1219851265758136,248,4775.300000000094,19.25524193548425,28.62903225806452,1.1733877585403119,6,60,3,True
h07_r15_t1,380,-372.60499999994306,-0.9805394736840607,48.94736842105264,0.951104753968756,252,812.1350000000925,3.222757936508304,51.587301587301596,1.0723238501239492,7,15,1,False
h07_r15_t2,380,941.8850000000235,2.4786447368421674,35.26315789473684,1.099896114446989,252,2051.560000000167,8.141111111111773,35.317460317460316,1.137790500087996,7,15,2,True
h07_r15_t3,380,63.28999999994373,0.1665526315787993,26.31578947368421,1.0058176864470099,252,1329.3300000002446,5.275119047620018,24.206349206349206,1.0778799189406414,7,15,3,True
h07_r30_t1,383,1692.770000000038,4.4197650130549295,55.09138381201044,1.1834341744313543,252,-52.024999999917696,-0.2064484126980861,52.38095238095239,0.9966546925773446,7,30,1,False
h07_r30_t2,383,3068.355000000046,8.011370757180277,38.1201044386423,1.2489658725779789,252,1380.1100000001993,5.476626984127775,34.12698412698413,1.0687838440625184,7,30,2,True
h07_r30_t3,383,1243.8649999998977,3.2476892950388976,27.93733681462141,1.0879890412044129,252,3053.585000000239,12.117400793651742,26.984126984126984,1.14049641913193,7,30,3,True
h07_r60_t1,382,923.3849999999638,2.4172382198951934,52.35602094240838,1.0702872736406992,253,-2002.8100000000115,-7.916245059288583,48.616600790513836,0.9075082017482278,7,60,1,False
h07_r60_t2,382,637.6499999999194,1.669240837696124,35.340314136125656,1.036615039642601,253,-487.53999999988355,-1.9270355731220694,32.80632411067194,0.9815290809757419,7,60,2,False
h07_r60_t3,382,860.269999999887,2.2520157068059867,30.104712041884817,1.0468827829605076,253,1981.6050000001921,7.832430830040285,29.249011857707508,1.0717993247271778,7,60,3,True
h08_r15_t1,383,-681.6650000000355,-1.7798041775457847,50.65274151436031,0.9144856266504382,252,2313.2299999999063,9.179484126983755,50.79365079365079,1.1993356140184495,8,15,1,False
h08_r15_t2,383,-1272.8300000000047,-3.323315926892963,31.33159268929504,0.8809952111238061,252,1339.3699999999658,5.314960317460182,29.365079365079367,1.083103605104463,8,15,2,False
h08_r15_t3,383,-1380.0650000000505,-3.603302872062795,23.759791122715406,0.8821401151385561,252,4122.214999999982,16.35799603174596,23.809523809523807,1.2373251135540286,8,15,3,False
h08_r30_t1,384,-790.8100000000009,-2.059401041666669,48.4375,0.9245603223603126,254,-679.3849999999177,-2.674744094487865,45.2755905511811,0.9603011545875897,8,30,1,False
h08_r30_t2,384,-182.9249999999359,-0.47636718749983303,33.33333333333333,0.9863758797398188,254,2896.3200000000484,11.402834645669481,32.28346456692913,1.1389021706341678,8,30,2,False
h08_r30_t3,384,-818.9899999999501,-2.1327864583332032,25.520833333333332,0.9439265901781363,254,5369.784999999973,21.140885826771544,26.77165354330709,1.241045442925268,8,30,3,False
h08_r60_t1,383,-1040.3999999999166,-2.716449086161662,48.56396866840731,0.9239841538670669,251,1546.9349999999558,6.163087649402215,46.21513944223107,1.0747508401970545,8,60,1,False
h08_r60_t2,383,1792.9700000001383,4.681383812010805,37.59791122715404,1.1100991062050536,251,4189.474999999973,16.691135458167224,33.067729083665334,1.1623554724429046,8,60,2,True
h08_r60_t3,383,2690.5950000002435,7.025052219321784,32.375979112271544,1.1565250399225258,251,9453.160000000022,37.66199203187259,28.68525896414343,1.3513558265893415,8,60,3,True
h09_r15_t1,377,328.9550000000833,0.8725596816978337,52.51989389920424,1.0506057366141954,252,-2803.8500000000813,-11.126388888889212,44.84126984126984,0.7747908028767864,9,15,1,False
h09_r15_t2,377,725.8000000001477,1.9251989389924344,36.339522546419104,1.0831998826168814,252,-2761.765000000088,-10.95938492063527,28.968253968253972,0.8237326354372816,9,15,2,False
h09_r15_t3,377,831.1750000001744,2.2047082228121337,26.790450928381965,1.0843030965990377,252,-4380.974999999977,-17.384821428571335,21.428571428571427,0.7513174262994834,9,15,3,False
h09_r30_t1,386,526.440000000022,1.3638341968912486,52.331606217616574,1.0578981722878675,250,-3197.0450000000797,-12.788180000000319,44.800000000000004,0.8004074826474902,9,30,1,False
h09_r30_t2,386,940.9250000000469,2.437629533678878,34.97409326424871,1.0777413230132697,250,-5020.6900000000305,-20.08276000000012,27.200000000000003,0.7587720204390982,9,30,2,False
h09_r30_t3,386,422.5699999999797,1.0947409326424344,26.94300518134715,1.031526957611658,250,-3653.93000000005,-14.615720000000199,22.0,0.8326563586993093,9,30,3,False
h09_r60_t1,386,-332.2549999999327,-0.8607642487044889,51.554404145077726,0.973433807599701,248,-1011.4449999999513,-4.07840725806432,47.58064516129033,0.9478234246614936,9,60,1,False
h09_r60_t2,386,1315.455000000063,3.4079145077721837,37.56476683937824,1.0852545426088038,248,-1945.5199999999081,-7.844838709677049,31.048387096774192,0.922666186490436,9,60,2,False
h09_r60_t3,386,821.9250000000874,2.1293393782385683,31.865284974093267,1.0498222873244403,248,-766.1749999999375,-3.0894153225803933,27.016129032258064,0.9709415444037726,9,60,3,False
h10_r15_t1,376,-300.2549999999392,-0.7985505319147318,48.138297872340424,0.9531356452696766,251,-2498.2300000000882,-9.953107569721467,45.0199203187251,0.7783568241936049,10,15,1,False
h10_r15_t2,376,811.7400000000556,2.158882978723552,35.90425531914894,1.0996276268020402,251,-4225.505000000065,-16.834681274900657,29.880478087649404,0.7126961889029628,10,15,2,False
h10_r15_t3,376,1024.7550000000836,2.7254122340427753,26.595744680851062,1.1112971333864876,251,-5512.024999999974,-21.960258964143325,21.51394422310757,0.6611284702743337,10,15,3,False
h10_r30_t1,384,-578.0449999999421,-1.5053255208331826,49.21875,0.9383716783401375,255,-4281.8400000001075,-16.791529411765126,44.70588235294118,0.7317066369999843,10,30,1,False
h10_r30_t2,384,-1164.934999999911,-3.0336848958331015,32.03125,0.9060943341092136,255,-6085.050000000051,-23.862941176470787,28.235294117647058,0.700438631037944,10,30,2,False
h10_r30_t3,384,-1011.0349999998233,-2.632903645832873,25.260416666666668,0.9253241381551769,255,-7292.260000000011,-28.59709803921573,21.568627450980394,0.669155098434418,10,30,3,False
h10_r60_t1,386,-67.53499999997376,-0.17496113989630507,50.51813471502591,0.9945094879722565,254,-4548.974999999966,-17.909350393700652,44.09448818897638,0.7861749022763649,10,60,1,False
h10_r60_t2,386,-501.90999999995967,-1.3002849740931597,36.26943005181347,0.9681981194241707,254,-4385.189999999804,-17.264527559054347,32.677165354330704,0.8276754922333616,10,60,2,False
h10_r60_t3,386,8.080000000074833,0.0209326424872405,31.606217616580313,1.0004887972864533,254,-2110.294999999912,-8.308248031495715,28.346456692913385,0.9200314600005749,10,60,3,False
h11_r15_t1,374,-681.8299999999155,-1.8230748663099343,46.79144385026738,0.8990283124416564,251,-100.48499999996987,-0.4003386454182067,49.40239043824701,0.9905459738888821,11,15,1,False
h11_r15_t2,374,-512.4149999999302,-1.3700935828875138,30.74866310160428,0.9412489394391148,251,-3226.2399999999643,-12.853545816732925,31.07569721115538,0.7842221690880797,11,15,2,False
h11_r15_t3,374,-665.9650000000121,-1.780655080213936,23.52941176470588,0.93138265043805,251,-1961.1799999999703,-7.813466135458049,23.904382470119522,0.8781603339877249,11,15,3,False
h11_r30_t1,385,479.57999999994854,1.245662337662204,50.38961038961038,1.054507761656117,253,-2254.834999999975,-8.912391304347727,47.82608695652174,0.852615096913483,11,30,1,False
h11_r30_t2,385,813.1999999999766,2.1122077922077316,32.98701298701299,1.0701332549091955,253,-518.0749999999024,-2.047727272726887,33.59683794466403,0.972764008273711,11,30,2,False
h11_r30_t3,385,1222.5549999999341,3.1754675324673616,27.27272727272727,1.0963462572049516,253,-128.58999999993046,-0.5082608695649425,25.691699604743086,0.9938051888709256,11,30,3,False
h11_r60_t1,386,1030.8249999999193,2.6705310880826927,49.740932642487046,1.0836038822793683,253,-6446.7099999999655,-25.481067193675752,44.26877470355731,0.7227254897575437,11,60,1,False
h11_r60_t2,386,3213.544999999903,8.325246113989387,38.082901554404145,1.2200037311452994,253,-2867.9900000000443,-11.335928853755115,31.225296442687743,0.8944382803170304,11,60,2,False
h11_r60_t3,386,2510.4249999998706,6.503691709844224,31.606217616580313,1.1588320670043877,253,-4668.054999999967,-18.45081027667971,27.66798418972332,0.8378348849945719,11,60,3,False
h12_r15_t1,378,-1148.215000000041,-3.0376058201059286,46.82539682539682,0.8577360730118329,255,-2894.8499999999067,-11.352352941176104,43.13725490196079,0.7887095726457105,12,15,1,False
h12_r15_t2,378,-1506.0100000000355,-3.984153439153533,31.216931216931215,0.8558121165846044,255,-2644.119999999967,-10.369098039215558,28.627450980392155,0.8464909326936264,12,15,2,False
h12_r15_t3,378,-1806.2600000000339,-4.778465608465698,22.75132275132275,0.8430911629866559,255,-1608.7649999999537,-6.308882352940995,22.35294117647059,0.9139546706466906,12,15,3,False
h12_r30_t1,380,329.7849999999911,0.8678552631578713,49.473684210526315,1.0297283714682988,255,1741.6500000000221,6.830000000000087,51.76470588235295,1.1015682975581105,12,30,1,True
h12_r30_t2,380,-1761.8549999999814,-4.636460526315741,33.421052631578945,0.8799549896365791,255,2172.5149999999894,8.519666666666625,38.82352941176471,1.0999796360490246,12,30,2,False
h12_r30_t3,380,-1720.3849999999247,-4.527328947368223,28.68421052631579,0.8893454155677427,255,3076.9450000000957,12.066450980392531,33.72549019607843,1.1339291990677491,12,30,3,False
h12_r60_t1,382,-905.6149999999844,-2.3707198952879174,48.69109947643979,0.9432745679032458,249,3284.7749999999946,13.191867469879497,51.00401606425703,1.1516203019874,12,60,1,False
h12_r60_t2,382,-399.80999999993605,-1.0466230366490472,38.481675392670155,0.9780782725365158,249,5593.97999999997,22.46578313253,42.971887550200805,1.220367393230354,12,60,2,False
h12_r60_t3,382,-2021.0549999999598,-5.290719895287853,35.340314136125656,0.8933946855452998,249,3451.934999999871,13.863192771083819,39.75903614457831,1.1292312374853968,12,60,3,False
h13_r15_t1,385,-2755.9949999999985,-7.158428571428567,45.19480519480519,0.776152752469249,254,-47.509999999981346,-0.18704724409441476,49.21259842519685,0.9971680920086974,13,15,1,False
h13_r15_t2,385,-1950.7900000000905,-5.066987012987248,32.20779220779221,0.8670765410832834,254,-335.34500000000367,-1.3202559055118255,36.22047244094488,0.9839976159504177,13,15,2,False
h13_r15_t3,385,-2059.710000000136,-5.349896103896457,27.79220779220779,0.8674591494698499,254,-55.03999999991021,-0.21669291338547325,31.496062992125985,0.9975320195133713,13,15,3,False
h13_r30_t1,384,1392.3150000000242,3.6258203125000628,54.6875,1.1059215946722556,254,963.8550000000472,3.794704724409635,53.14960629921261,1.0471880457244602,13,30,1,True
h13_r30_t2,384,2282.84499999996,5.944908854166562,41.66666666666667,1.1440712516369231,254,-3042.05999999993,-11.97661417322807,36.61417322834646,0.8857968553083729,13,30,2,False
h13_r30_t3,384,2176.3149999999328,5.667486979166491,37.76041666666667,1.1308063591779702,254,-305.58999999994484,-1.2031102362202553,35.039370078740156,0.9886873112716364,13,30,3,False
h13_r60_t1,376,2115.2749999999874,5.62573138297869,52.3936170212766,1.132627021672136,241,3250.374999999977,13.48703319502065,53.11203319502075,1.1334064863779982,13,60,1,True
h13_r60_t2,376,3334.264999999941,8.86772606382963,48.67021276595745,1.1957550825346763,241,4543.01499999994,18.850684647302657,44.81327800829876,1.167101461296165,13,60,2,True
h13_r60_t3,376,2988.299999999963,7.947606382978624,47.87234042553192,1.1740302775294582,241,4361.129999999984,18.09597510373437,43.15352697095436,1.1575183419783437,13,60,3,True
h14_r15_t1,385,1563.0250000000385,4.0598051948052944,52.467532467532465,1.132408802037186,254,3103.1750000000998,12.217224409449212,54.330708661417326,1.1938634404978121,14,15,1,True
h14_r15_t2,385,3114.6200000000454,8.089922077922196,44.41558441558441,1.2304407578467662,254,4682.024999999992,18.43316929133855,42.125984251968504,1.2315542688201115,14,15,2,True
h14_r15_t3,385,2291.4050000000657,5.95170129870147,40.25974025974026,1.1616497779207562,254,7025.864999999956,27.66088582677148,39.37007874015748,1.3348286376916265,14,15,3,True
h14_r30_t1,381,1272.9199999999905,3.340997375328059,53.018372703412076,1.0938502820662066,250,345.91499999998297,1.383659999999932,50.8,1.0161354987269173,14,30,1,True
h14_r30_t2,381,1330.625000000053,3.4924540682416088,47.506561679790025,1.0914535871112419,250,4596.345000000029,18.38538000000012,44.0,1.1936024174055564,14,30,2,True
h14_r30_t3,381,781.2350000000705,2.050485564304647,45.40682414698163,1.052681195604572,250,3279.515000000034,13.118060000000137,40.8,1.1343898291193715,14,30,3,True
h14_r60_t1,361,-156.93999999995668,-0.4347368421051432,49.86149584487535,0.9886381817615844,240,3898.1799999999957,16.24241666666665,51.24999999999999,1.1803604080454235,14,60,1,False
h14_r60_t2,361,-109.88999999995713,-0.30440443213284524,46.81440443213297,0.9923408152511827,240,3740.879999999991,15.586999999999962,45.416666666666664,1.155871623662746,14,60,2,False
h14_r60_t3,361,523.4400000000255,1.4499722991690458,46.53739612188366,1.0363846032737398,240,6772.60999999988,28.219208333332833,45.0,1.2821033970778712,14,60,3,True
h15_r15_t1,385,137.8299999999827,0.3579999999999551,49.35064935064935,1.013638027764858,254,2392.3000000000256,9.418503937007975,51.574803149606296,1.151090898009698,15,15,1,True
h15_r15_t2,385,1165.3900000000133,3.0269870129870475,38.961038961038966,1.1030173541621007,254,2386.9850000000433,9.39757874015765,39.76377952755906,1.1232781556397808,15,15,2,True
h15_r15_t3,385,1257.930000000033,3.267350649350735,35.84415584415584,1.106805357206539,254,3553.0450000000724,13.988366141732568,36.22047244094488,1.1766769490718905,15,15,3,True
h15_r30_t1,379,-414.7500000000432,-1.0943271767811167,48.02110817941953,0.9634594375528578,249,2585.969999999956,10.385421686746811,48.99598393574297,1.1365482926381063,15,30,1,False
h15_r30_t2,379,428.7599999999605,1.1312928759893417,41.68865435356201,1.035622671858244,249,-282.2500000000682,-1.1335341365464586,40.16064257028113,0.9876422590519599,15,30,2,False
h15_r30_t3,379,568.029999999971,1.4987598944590264,40.369393139841684,1.0461598346134944,249,1107.4399999999457,4.447550200802995,38.95582329317269,1.0476875865393556,15,30,3,True
h15_r60_t1,362,-751.6150000000234,-2.076284530386805,45.027624309392266,0.9320704190473759,235,4491.774999999947,19.11393617021254,50.638297872340424,1.2603498902209684,15,60,1,False
h15_r60_t2,362,-9.274999999996595,-0.02562154696131656,42.5414364640884,0.9991929357733504,235,5020.869999999949,21.365404255318932,45.53191489361702,1.2599700257827946,15,60,2,False
h15_r60_t3,362,256.7899999999998,0.7093646408839773,42.26519337016575,1.022062873045044,235,6785.214999999993,28.873255319148907,45.53191489361702,1.351324077000962,15,60,3,True
h16_r15_t1,384,2162.405000000038,5.631263020833432,55.46875,1.3240274068052569,249,-432.1949999998935,-1.7357228915658374,48.19277108433735,0.967588344717923,16,15,1,False
h16_r15_t2,384,-112.88999999991759,-0.2939843749997854,37.5,0.9876920091276997,249,1083.560000000124,4.35164658634588,38.95582329317269,1.067460038288541,16,15,2,False
h16_r15_t3,384,-141.27499999989988,-0.3679036458330726,33.85416666666667,0.9852907644429649,249,-1134.489999999847,-4.556184738955209,34.13654618473896,0.9342264964908497,16,15,3,False
h16_r30_t1,383,-51.67499999996055,-0.13492167101817376,50.13054830287206,0.9945689330357631,246,109.07000000007744,0.4433739837401522,52.84552845528455,1.0072390063440078,16,30,1,False
h16_r30_t2,383,-2103.439999999929,-5.492010443864045,38.642297650130544,0.8152134571662559,246,-1082.6249999998627,-4.400914634145783,40.65040650406504,0.9396234948745922,16,30,2,False
h16_r30_t3,383,-2157.3949999999363,-5.632885117493307,37.59791122715404,0.8129874103845415,246,611.3350000002117,2.485101626017121,39.83739837398374,1.0339204382937885,16,30,3,False
h16_r60_t1,365,-541.970000000034,-1.4848493150685864,49.31506849315068,0.9442814947778967,230,1242.6199999999608,5.402695652173742,53.04347826086957,1.0779792736359466,16,60,1,False
h16_r60_t2,365,-1417.2149999999926,-3.882780821917788,43.83561643835616,0.8677694779506169,230,-1745.8699999999271,-7.590739130434466,44.34782608695652,0.9050388371667414,16,60,2,False
h16_r60_t3,365,-1642.400000000003,-4.499726027397268,43.28767123287671,0.8486785400206283,230,-895.2549999999111,-3.8924130434778745,43.913043478260875,0.9514942688787335,16,60,3,False
h17_r15_t1,378,-14.46000000000592,-0.03825396825398392,52.38095238095239,0.9977913953005288,245,-482.6999999998625,-1.9702040816320918,46.12244897959184,0.9603586364914997,17,15,1,False
h17_r15_t2,378,399.6849999999744,1.0573677248676572,39.94708994708995,1.0512041497799982,245,-1320.1549999998756,-5.388387755101533,31.020408163265305,0.9127870546262271,17,15,2,False
h17_r15_t3,378,641.8549999999688,1.6980291005290178,36.24338624338625,1.078663280031616,245,530.6300000002024,2.1658367346947034,30.612244897959183,1.034937531130747,17,15,3,True
h17_r30_t1,379,-647.4400000000409,-1.7082849604222714,49.86807387862797,0.9239865945714896,246,-149.48999999997503,-0.6076829268291668,47.96747967479675,0.9899049005025953,17,30,1,False
h17_r30_t2,379,14.494999999955624,0.03824538258563489,42.480211081794195,1.0015469625052316,246,215.72500000000508,0.8769308943089638,38.21138211382114,1.0125439999441777,17,30,2,True
h17_r30_t3,379,-605.1100000000322,-1.5965963060686865,40.633245382585756,0.9374849229163889,246,13.334999999972865,0.05420731707306043,34.959349593495936,1.0007538700499876,17,30,3,False
h17_r60_t1,359,654.6499999999498,1.823537604456685,49.86072423398329,1.0857480044743721,233,-1949.594999999922,-8.367360515021124,47.63948497854077,0.8810317241413015,17,60,1,False
h17_r60_t2,359,857.2599999999519,2.387910863509615,45.12534818941504,1.1011366458418197,233,-1192.5550000000114,-5.118261802575156,42.06008583690987,0.9327372938570677,17,60,2,False
h17_r60_t3,359,1031.7799999999656,2.874038997214389,45.12534818941504,1.1217259273110551,233,354.3649999999933,1.5208798283261515,41.63090128755365,1.0199141314945779,17,60,3,True
h18_r15_t1,367,-1200.5350000000267,-3.271212534060018,43.05177111716621,0.8131848295876699,239,2486.639999999975,10.404351464435042,54.39330543933054,1.2763550526284175,18,15,1,False
h18_r15_t2,367,-771.6400000000677,-2.102561307902092,33.787465940054496,0.893439906315932,239,3438.1649999999768,14.385627615062665,41.42259414225941,1.3047928097880053,18,15,2,False
h18_r15_t3,367,-594.155000000057,-1.6189509536786295,31.33514986376022,0.920979938928367,239,5186.959999999963,21.702761506275994,38.912133891213394,1.448109751883334,18,15,3,False
h18_r30_t1,368,-564.6899999999214,-1.5344836956519603,45.92391304347826,0.9198909919393161,245,2809.0549999999407,11.465530612244656,55.10204081632652,1.2424083823850411,18,30,1,False
h18_r30_t2,368,421.7600000000581,1.146086956521897,39.40217391304348,1.0555732340351884,245,5903.770000000001,24.09702040816327,47.755102040816325,1.4594704288051856,18,30,2,True
h18_r30_t3,368,541.9350000000825,1.4726494565219632,38.315217391304344,1.0698157069398424,245,8762.64499999998,35.76589795918359,47.755102040816325,1.6819669898416787,18,30,3,True
h18_r60_t1,354,995.1049999999208,2.8110310734461037,48.0225988700565,1.1552991612389096,236,4133.054999999899,17.51294491525381,55.08474576271186,1.3691872539640326,18,60,1,True
h18_r60_t2,354,1038.37999999994,2.933276836158023,46.04519774011299,1.1563761714508503,236,6029.77999999996,25.549915254237117,48.30508474576271,1.5004866019496415,18,60,2,True
h18_r60_t3,354,1023.1599999999997,2.8902824858757055,45.48022598870056,1.151620365224942,236,8297.29000000002,35.15800847457636,48.30508474576271,1.688695520813492,18,60,3,True
h19_r15_t1,349,413.0500000000058,1.1835243553008763,49.570200573065904,1.0919218691929904,240,-533.2999999999429,-2.2220833333330954,52.083333333333336,0.9501248981782964,19,15,1,False
h19_r15_t2,349,459.0699999999884,1.3153868194842075,39.25501432664756,1.0861754538773498,240,-1389.2599999998247,-5.788583333332602,39.58333333333333,0.8894502432196635,19,15,2,False
h19_r15_t3,349,871.7949999999774,2.497979942693345,37.249283667621775,1.1599296657656244,240,-405.9449999998359,-1.6914374999993163,36.666666666666664,0.9684049662292178,19,15,3,False
h19_r30_t1,361,728.0850000000484,2.016855955678804,54.29362880886427,1.1386841779445618,249,-263.65999999986036,-1.0588755020074714,52.610441767068274,0.9788359448591623,19,30,1,False
h19_r30_t2,361,1199.7000000000319,3.32326869806103,49.03047091412742,1.2147116015316406,249,-197.9049999998247,-0.7947991967864446,43.77510040160642,0.9858518774027281,19,30,2,False
h19_r30_t3,361,1645.7450000000808,4.55885041551269,48.75346260387812,1.2924638028851212,249,2135.540000000227,8.576465863454727,43.373493975903614,1.1522118052994255,19,30,3,True
h19_r60_t1,335,1054.3399999999933,3.1472835820895324,50.74626865671642,1.244085610769639,231,563.2550000000867,2.4383333333337087,51.515151515151516,1.0487968319809893,19,60,1,True
h19_r60_t2,335,895.6100000000133,2.6734626865672038,47.76119402985074,1.1958462943019152,231,2287.455000000051,9.902402597402817,47.18614718614719,1.189250445936604,19,60,2,True
h19_r60_t3,335,833.6150000000252,2.488402985074702,47.462686567164184,1.1799805470783433,231,3580.5500000000766,15.500216450216781,47.18614718614719,1.2962334490507168,19,60,3,True
h20_r15_t1,289,177.33500000008257,0.613615916955303,47.40484429065744,1.055911127365849,226,1292.7950000000117,5.720331858407131,49.11504424778761,1.1694121331688323,20,15,1,True
h20_r15_t2,289,100.52000000005376,0.3478200692043383,37.71626297577855,1.0269419469657628,226,1227.6050000000184,5.431880530973533,37.610619469026545,1.1367434016509192,20,15,2,True
h20_r15_t3,289,649.4100000000506,2.247093425605711,37.37024221453287,1.1734574636443553,226,2597.060000000003,11.491415929203553,35.84070796460177,1.2826333594339638,20,15,3,True
h20_r30_t1,335,-107.24000000002167,-0.3201194029851393,47.16417910447761,0.973242845380369,229,-533.6499999999504,-2.3303493449779493,44.54148471615721,0.9465757257677433,20,30,1,False
h20_r30_t2,335,-6.625000000012328,-0.019776119403021875,41.19402985074627,0.9984952928216928,229,-1002.4750000000429,-4.377620087336432,36.24454148471616,0.9101635959474444,20,30,2,False
h20_r30_t3,335,6.865000000005317,0.020492537313448706,40.8955223880597,1.0015516456145406,229,732.4899999999046,3.1986462882091904,35.80786026200873,1.0656094959061715,20,30,3,True
h20_r60_t1,271,380.03500000003004,1.4023431734318452,45.38745387453875,1.12008790889328,200,-2760.7650000000467,-13.803825000000234,38.5,0.7397095926263915,20,60,1,False
h20_r60_t2,271,636.4300000000096,2.3484501845018806,43.17343173431734,1.187318896565936,200,-1423.0500000001075,-7.115250000000538,33.5,0.8736993173079908,20,60,2,False
h20_r60_t3,271,342.5250000000008,1.263929889298896,43.17343173431734,1.100814551555154,200,-1233.8950000000978,-6.169475000000489,33.0,0.8907961847984833,20,60,3,False
h22_r15_t1,133,-337.54999999996073,-2.5379699248117347,45.11278195488722,0.8249376351670433,127,-1314.6850000000281,-10.351850393701008,46.45669291338583,0.7270387718576978,22,15,1,False
h22_r15_t2,133,-243.95999999991142,-1.8342857142850482,41.35338345864661,0.8782008717055604,127,-2147.9399999999728,-16.912913385826556,35.43307086614173,0.5838781201537123,22,15,2,False
h22_r15_t3,133,-158.164999999945,-1.1892105263153758,41.35338345864661,0.9210347633764127,127,-2100.64,-16.540472440944882,33.07086614173229,0.5975168608215833,22,15,3,False
h22_r30_t1,150,-836.4299999999412,-5.5761999999996075,43.333333333333336,0.6181940184049285,124,-896.9100000000225,-7.233145161290504,41.935483870967744,0.7896441533617435,22,30,1,False
h22_r30_t2,150,-661.1899999999423,-4.407933333332949,42.66666666666667,0.7010618072651608,124,-916.4899999999732,-7.391048387096558,37.903225806451616,0.7935900741980313,22,30,2,False
h22_r30_t3,150,-617.5299999999652,-4.116866666666435,42.66666666666667,0.7208014305123324,124,-955.599999999992,-7.706451612903161,37.903225806451616,0.7847818032969641,22,30,3,False
h22_r60_t1,142,-215.96499999998684,-1.5208802816900482,40.845070422535215,0.8446730773380215,113,677.5550000000187,5.99606194690282,48.67256637168141,1.254742430252309,22,60,1,False
h22_r60_t2,142,-131.49999999998673,-0.9260563380280755,40.140845070422536,0.9089833124537219,113,908.2900000000275,8.037964601770154,47.78761061946903,1.3407578315513198,22,60,2,False
h22_r60_t3,142,-214.2749999999836,-1.5089788732393212,39.436619718309856,0.8530823397121751,113,872.9400000000517,7.7251327433632895,47.78761061946903,1.327495779403514,22,60,3,False
h23_r15_t1,175,-26.344999999973894,-0.15054285714270796,42.857142857142854,0.9831900333391989,180,929.5449999999472,5.164138888888596,55.55555555555556,1.202197417349405,23,15,1,False
h23_r15_t2,175,-391.3099999999782,-2.236057142857018,38.285714285714285,0.7676409898609158,180,1251.4449999999615,6.952472222222008,51.66666666666667,1.2565456349450317,23,15,2,False
h23_r15_t3,175,-376.90499999998565,-2.1537428571427752,38.285714285714285,0.7761946469130021,180,943.0449999999644,5.239138888888691,51.66666666666667,1.193323780355298,23,15,3,False
h23_r30_t1,215,-734.1549999999852,-3.4146744186045823,36.27906976744186,0.5685273668682571,169,1316.6350000000186,7.790739644970524,51.4792899408284,1.4327057853059522,23,30,1,False
h23_r30_t2,215,-716.4249999999861,-3.332209302325517,34.883720930232556,0.5807168064423662,169,816.9200000000221,4.8338461538462845,50.29585798816568,1.2633204185174047,23,30,2,False
h23_r30_t3,215,-682.0149999999699,-3.1721627906975343,34.883720930232556,0.6008550409963325,169,780.8400000000477,4.620355029586081,50.29585798816568,1.251690637510573,23,30,3,False
