minute_of_day,time,2024,2025,2026
0,00:00,5.3418,3.7128,9.9515
1,00:01,5.2702,3.7145,9.9859
2,00:02,5.2407,4.0414,9.6548
3,00:03,5.2397,3.7172,9.508
4,00:04,5.1903,3.7051,9.4807
5,00:05,5.2122,3.7271,9.4488
6,00:06,5.1702,3.7048,9.5834
7,00:07,5.2048,3.7231,9.3022
8,00:08,5.2181,3.7065,9.2304
9,00:09,5.1572,3.7025,9.4322
10,00:10,5.2284,3.7714,9.2966
11,00:11,5.2099,3.7156,9.3844
12,00:12,5.2515,3.7026,9.2991
13,00:13,5.2127,3.7021,9.5023
14,00:14,5.2507,3.7017,9.5681
15,00:15,5.2709,3.7063,9.6896
16,00:16,5.1906,3.7027,9.6734
17,00:17,5.2283,3.7055,9.6403
18,00:18,5.2298,3.7086,9.4456
19,00:19,5.2171,3.7079,9.3824
20,00:20,5.2526,3.7092,9.5821
21,00:21,5.172,3.712,9.363
22,00:22,5.2039,3.9418,9.2999
23,00:23,5.2158,4.0614,9.2718
24,00:24,5.1335,3.8058,9.4833
25,00:25,5.1981,3.7024,9.42
26,00:26,5.2718,3.7031,9.691
27,00:27,5.2865,3.7038,9.4308
28,00:28,5.2753,3.7027,9.4255
29,00:29,5.2605,3.7019,9.2439
30,00:30,5.2135,3.7029,9.366
31,00:31,5.2394,3.7075,9.0911
32,00:32,5.2431,3.7021,9.2161
33,00:33,5.2009,3.7103,8.9683
34,00:34,5.1944,3.7015,9.2727
35,00:35,5.1694,3.7018,9.133
36,00:36,5.2335,3.7034,9.2167
37,00:37,5.1839,3.7056,9.3643
38,00:38,5.1875,3.707,9.4887
39,00:39,5.2188,3.7032,9.6416
40,00:40,5.2249,3.7024,9.2674
41,00:41,5.2017,3.7018,8.7174
42,00:42,5.2314,3.7025,9.2008
43,00:43,5.1433,3.7167,9.0763
44,00:44,5.133,3.7043,8.6672
45,00:45,5.1559,3.7039,8.8112
46,00:46,5.1436,3.7034,9.2061
47,00:47,5.1419,3.7031,8.9281
48,00:48,5.1666,3.7023,8.7666
49,00:49,5.1394,3.7033,8.8624
50,00:50,5.1352,3.7061,8.8924
51,00:51,5.1352,3.714,8.8579
52,00:52,5.1517,3.7031,9.3058
53,00:53,5.1427,3.7022,9.1662
54,00:54,5.1332,3.703,9.0863
55,00:55,5.1436,3.7037,9.0997
56,00:56,5.157,3.7032,8.9559
57,00:57,5.1569,3.7055,8.9631
58,00:58,5.1351,3.7029,8.8616
59,00:59,5.0701,3.7052,9.131
60,01:00,5.0114,3.7153,10.2307
61,01:01,5.0819,3.7037,9.8891
62,01:02,5.0441,3.704,9.4612
63,01:03,5.0527,3.704,9.4282
64,01:04,5.0288,3.7052,9.5083
65,01:05,4.9956,3.7043,9.3745
66,01:06,4.9915,3.7059,9.1253
67,01:07,5.0037,3.7104,9.0716
68,01:08,5.0106,3.7036,9.0638
69,01:09,4.9842,3.8761,9.2428
70,01:10,5.0027,3.7025,9.1004
71,01:11,5.0466,3.7039,8.946
72,01:12,5.0477,3.7042,9.1165
73,01:13,5.0681,3.7107,9.0501
74,01:14,5.0955,3.7037,8.7751
75,01:15,5.0838,3.7047,9.2309
76,01:16,5.0969,3.7117,9.402
77,01:17,5.0714,3.7113,9.241
78,01:18,5.0609,3.7176,9.0302
79,01:19,5.0263,3.7033,9.1058
80,01:20,4.9749,3.7032,9.2708
81,01:21,4.9661,3.7041,9.0718
82,01:22,4.9878,3.7066,9.172
83,01:23,5.0105,3.7039,9.0322
84,01:24,5.016,3.7049,8.9368
85,01:25,5.0471,3.7049,8.8949
86,01:26,5.0587,3.7075,8.9465
87,01:27,5.0642,3.7028,8.9705
88,01:28,5.063,3.7026,8.7092
89,01:29,5.0807,3.7026,8.9934
90,01:30,5.0528,3.7203,9.2008
91,01:31,5.0533,3.7093,9.0585
92,01:32,5.0546,3.723,9.1919
93,01:33,5.0174,3.7167,8.9452
94,01:34,5.0509,3.7163,9.0141
95,01:35,5.1119,3.7085,8.9434
96,01:36,5.0796,3.7148,8.965
97,01:37,5.0605,3.7053,8.9748
98,01:38,5.0753,3.7045,8.9598
99,01:39,5.0766,3.7592,8.8244
100,01:40,5.0519,3.7276,9.0364
101,01:41,5.0594,3.7095,8.9538
102,01:42,5.1052,3.7243,8.7204
103,01:43,5.0928,3.7163,8.6532
104,01:44,5.0749,3.755,8.688
105,01:45,5.0254,3.7107,8.6076
106,01:46,5.0681,3.7099,8.54
107,01:47,5.0404,3.7209,8.735
108,01:48,5.004,3.7029,8.6939
109,01:49,5.0162,3.7067,8.7456
110,01:50,5.0596,3.7039,8.7319
111,01:51,5.0338,3.7036,8.7537
112,01:52,5.1191,3.7031,8.8232
113,01:53,5.1458,3.7033,8.6859
114,01:54,5.0751,3.7068,8.6919
115,01:55,5.1111,3.7051,8.8227
116,01:56,5.1097,3.7047,8.87
117,01:57,5.0527,3.705,8.9863
118,01:58,5.0843,3.7035,8.7944
119,01:59,5.0866,3.7032,8.6294
120,02:00,5.0289,3.7191,8.8647
121,02:01,5.0368,3.7069,8.559
122,02:02,5.058,3.7089,8.8154
123,02:03,5.008,3.7035,8.5571
124,02:04,5.0209,3.7031,8.5342
125,02:05,5.0366,3.7043,8.6189
126,02:06,5.0553,3.7031,8.4518
127,02:07,5.0381,3.7034,8.515
128,02:08,5.027,3.7064,8.5424
129,02:09,5.0371,3.7369,8.5315
130,02:10,5.0498,3.7173,8.4134
131,02:11,5.0286,3.7045,8.5568
132,02:12,5.0508,3.7027,8.3359
133,02:13,5.0473,3.7082,8.1674
134,02:14,5.0479,3.7037,8.2712
135,02:15,5.1338,3.7041,8.7594
136,02:16,5.135,3.7093,8.7549
137,02:17,5.1181,3.7094,8.2255
138,02:18,5.1132,3.7046,8.3418
139,02:19,5.1327,3.7214,8.1516
140,02:20,5.1155,3.7102,8.4176
141,02:21,5.1193,3.7101,8.3108
142,02:22,5.0113,3.7031,8.2725
143,02:23,5.0686,3.7037,8.3684
144,02:24,5.0779,3.7047,8.1039
145,02:25,5.1351,3.7044,8.5159
146,02:26,5.0938,3.7033,8.267
147,02:27,5.1219,3.7036,8.2703
148,02:28,5.0667,3.7042,8.2805
149,02:29,5.0799,3.7137,8.1711
150,02:30,4.9597,3.704,9.0139
151,02:31,4.9963,3.7048,8.7829
152,02:32,5.0207,3.7038,8.5724
153,02:33,5.0243,3.7059,8.7695
154,02:34,5.0253,3.7028,8.5675
155,02:35,4.9927,3.7092,8.7792
156,02:36,5.0348,3.7026,8.4689
157,02:37,5.0411,3.7034,8.3765
158,02:38,5.0699,3.7032,8.3109
159,02:39,5.1179,3.704,8.3837
160,02:40,5.0737,3.7045,8.4006
161,02:41,5.0679,3.7043,8.352
162,02:42,5.049,3.713,8.4646
163,02:43,5.0361,3.7034,8.541
164,02:44,5.0306,3.7031,8.7294
165,02:45,5.0226,3.7043,8.8313
166,02:46,5.0473,3.7034,8.5674
167,02:47,5.0488,3.7062,8.8299
168,02:48,5.0567,3.7037,8.9325
169,02:49,5.0769,3.7027,8.8035
170,02:50,5.0524,3.7031,8.9072
171,02:51,5.0583,3.7029,9.2109
172,02:52,5.0361,3.7031,8.9329
173,02:53,5.0408,3.7032,8.7966
174,02:54,5.0506,3.7038,8.7561
175,02:55,5.086,3.7039,8.4817
176,02:56,5.0617,3.7029,8.6683
177,02:57,5.0466,3.7033,8.4365
178,02:58,5.0684,3.7034,8.4342
179,02:59,5.0518,3.7149,8.6207
180,03:00,5.0504,3.7351,9.072
181,03:01,5.0418,3.7029,8.7935
182,03:02,5.0187,3.7039,8.6634
183,03:03,5.0219,3.7026,8.7548
184,03:04,5.0685,3.7029,8.7502
185,03:05,5.0591,3.7026,8.3829
186,03:06,5.0116,3.71,8.2559
187,03:07,5.0453,3.7073,8.3888
188,03:08,5.0467,3.7059,8.3155
189,03:09,5.1078,3.7062,8.3993
190,03:10,5.0977,3.7084,8.5448
191,03:11,5.1016,3.7135,8.2879
192,03:12,5.11,3.708,8.3112
193,03:13,5.1443,3.7061,8.1913
194,03:14,5.1314,3.703,8.0204
195,03:15,5.1499,3.7035,8.3148
196,03:16,5.1697,3.7032,8.284
197,03:17,5.1263,3.7054,8.1748
198,03:18,5.1619,3.713,8.3346
199,03:19,5.1277,3.7071,8.4253
200,03:20,5.1212,3.7155,8.3125
201,03:21,5.0933,3.7059,8.6893
202,03:22,5.0741,3.7034,8.2802
203,03:23,5.0957,3.7094,8.3207
204,03:24,5.1143,3.7086,8.2117
205,03:25,5.0502,3.705,8.2699
206,03:26,5.0498,3.7045,8.3132
207,03:27,5.0246,3.7042,8.3924
208,03:28,4.9286,3.7045,8.2775
209,03:29,4.9333,3.7069,8.334
210,03:30,5.0352,3.7104,8.5083
211,03:31,5.0238,3.7078,8.5606
212,03:32,5.0293,3.7149,8.287
213,03:33,5.059,3.7049,8.2108
214,03:34,5.0264,3.7098,8.4165
215,03:35,5.0387,3.7027,8.369
216,03:36,5.0519,3.7053,8.4926
217,03:37,5.1143,3.711,8.2859
218,03:38,5.1321,3.704,8.2537
219,03:39,5.072,3.7038,8.056
220,03:40,5.0613,3.7037,7.8696
221,03:41,5.0862,3.7034,8.0449
222,03:42,5.0419,3.7055,8.2149
223,03:43,5.0372,3.7042,8.097
224,03:44,5.052,3.7042,8.0326
225,03:45,5.0904,3.7123,8.0952
226,03:46,5.0668,3.7162,8.2287
227,03:47,5.0983,3.7054,8.1652
228,03:48,5.014,3.7204,8.2153
229,03:49,5.0481,3.7264,8.6265
230,03:50,5.0694,3.7062,8.2289
231,03:51,5.0884,3.7064,8.2721
232,03:52,5.0769,3.7205,8.2099
233,03:53,5.0634,3.707,8.1214
234,03:54,5.1244,3.7092,8.2611
235,03:55,5.0901,3.7167,8.1217
236,03:56,5.0678,3.7119,8.0365
237,03:57,5.1184,3.7048,8.2513
238,03:58,5.0901,3.7081,8.1856
239,03:59,5.0817,3.7125,8.0566
240,04:00,5.0687,3.7094,8.3805
241,04:01,5.1074,3.7151,8.2356
242,04:02,5.138,3.7071,7.9869
243,04:03,5.1239,3.7055,8.2179
244,04:04,5.1084,3.7059,8.1569
245,04:05,5.1424,3.705,8.393
246,04:06,5.1901,3.703,8.4561
247,04:07,5.1068,3.7029,8.6472
248,04:08,5.1188,3.7029,8.4464
249,04:09,5.1149,3.7024,8.0529
250,04:10,5.0796,3.7028,8.212
251,04:11,5.1021,3.7031,8.2815
252,04:12,5.1192,3.7089,8.0625
253,04:13,5.1026,3.7048,8.3653
254,04:14,5.1465,3.7035,8.1439
255,04:15,5.1093,3.7031,8.5218
256,04:16,5.0767,3.7036,8.5339
257,04:17,5.1242,3.7055,8.4996
258,04:18,5.115,3.7036,8.5283
259,04:19,5.1158,3.7034,8.4995
260,04:20,5.0985,3.7027,8.2877
261,04:21,5.0959,3.7041,8.2786
262,04:22,5.0454,3.7108,8.2178
263,04:23,5.0628,3.7087,8.2134
264,04:24,5.0782,3.7057,8.4352
265,04:25,5.1368,3.7061,8.6239
266,04:26,5.117,3.7055,8.1162
267,04:27,5.0816,3.7107,8.69
268,04:28,5.1356,3.7129,8.3665
269,04:29,5.1202,3.7171,8.3892
270,04:30,5.2102,3.7101,8.7618
271,04:31,5.1767,3.7075,8.504
272,04:32,5.1026,3.7032,8.2941
273,04:33,5.0778,3.7068,8.2677
274,04:34,5.1179,3.7062,8.1467
275,04:35,5.0995,3.7248,8.3772
276,04:36,5.1037,3.7089,8.5019
277,04:37,5.1258,3.7204,8.4626
278,04:38,5.1389,3.7035,8.1995
279,04:39,5.1298,3.7028,8.2676
280,04:40,5.1214,3.702,8.0628
281,04:41,5.0781,3.7029,7.8813
282,04:42,5.1443,3.7037,8.2192
283,04:43,5.1262,3.7167,8.1524
284,04:44,5.1657,3.7259,8.3214
285,04:45,5.1465,3.7161,8.368
286,04:46,5.1499,3.7074,7.967
287,04:47,5.1128,3.7069,8.2029
288,04:48,5.1184,3.705,8.273
289,04:49,5.1069,3.7043,8.2961
290,04:50,5.1134,3.7183,8.337
291,04:51,5.1038,3.7142,8.2685
292,04:52,5.0929,3.7146,8.4005
293,04:53,5.1586,3.7033,8.2719
294,04:54,5.1221,3.7123,8.5682
295,04:55,5.1065,3.7379,8.3046
296,04:56,5.1016,3.7344,8.2899
297,04:57,5.0522,3.7248,8.1939
298,04:58,5.1356,3.7444,8.2693
299,04:59,5.1287,3.7185,8.5982
300,05:00,5.0295,3.7117,8.9404
301,05:01,5.0823,3.7131,8.523
302,05:02,5.0943,3.7141,8.3404
303,05:03,5.1009,3.7095,8.5659
304,05:04,5.0873,3.7104,8.6059
305,05:05,5.101,3.7201,8.3819
306,05:06,5.105,3.7291,8.6821
307,05:07,5.124,3.7258,8.4129
308,05:08,5.1081,3.7161,8.8512
309,05:09,5.119,3.8394,8.6352
310,05:10,5.0813,3.7219,8.6051
311,05:11,5.1117,3.7213,8.3366
312,05:12,5.103,3.7104,8.2632
313,05:13,5.1121,3.7042,8.5981
314,05:14,5.101,3.7032,8.2482
315,05:15,5.0833,3.7148,8.5701
316,05:16,5.0501,3.7108,8.757
317,05:17,5.1032,3.7121,8.6943
318,05:18,5.1212,3.7159,8.6256
319,05:19,5.1181,3.7321,8.5071
320,05:20,5.0946,3.7166,8.5123
321,05:21,5.0633,3.7155,7.9858
322,05:22,5.024,3.7148,8.3013
323,05:23,5.0823,3.7144,8.2669
324,05:24,5.0958,3.9919,8.0995
325,05:25,5.1001,3.7096,8.3834
326,05:26,5.0845,3.7105,8.6649
327,05:27,5.0858,3.703,8.455
328,05:28,5.0822,3.7074,8.3839
329,05:29,5.0882,3.7094,8.7839
330,05:30,4.9211,3.7273,9.2892
331,05:31,4.981,3.7149,8.856
332,05:32,5.0039,3.7075,9.0245
333,05:33,4.9994,3.7294,8.7136
334,05:34,5.0182,3.7102,8.7758
335,05:35,5.0263,3.7204,8.7243
336,05:36,5.016,3.7054,8.4239
337,05:37,5.0369,3.7054,8.7227
338,05:38,5.017,3.7063,8.5707
339,05:39,5.0449,3.7113,8.4402
340,05:40,5.0177,3.7245,8.5324
341,05:41,5.0425,3.7113,8.7186
342,05:42,5.0437,3.7038,8.4254
343,05:43,5.0221,3.7053,8.7256
344,05:44,5.0757,3.7096,8.4386
345,05:45,5.0821,3.7075,8.6291
346,05:46,5.068,3.712,8.5983
347,05:47,5.148,3.7128,8.5457
348,05:48,5.1083,3.7392,8.9236
349,05:49,5.0489,3.7256,8.5884
350,05:50,5.0059,3.7222,8.7191
351,05:51,4.9939,3.7069,8.711
352,05:52,5.0135,3.7058,8.9009
353,05:53,5.0354,3.7534,8.5874
354,05:54,5.03,3.7047,8.5516
355,05:55,5.0113,3.7085,8.5677
356,05:56,5.0357,3.7066,8.4998
357,05:57,5.0502,3.7082,8.5561
358,05:58,4.9982,3.7033,8.3598
359,05:59,5.0214,3.7081,8.3275
360,06:00,5.0292,3.7104,8.7425
361,06:01,5.1109,3.7035,8.8433
362,06:02,5.0422,3.7058,8.799
363,06:03,5.016,3.7033,8.7413
364,06:04,4.9853,3.7027,8.7292
365,06:05,5.021,3.7036,8.73
366,06:06,5.0133,3.7063,8.9673
367,06:07,5.045,3.7026,8.7892
368,06:08,5.0254,3.7033,8.8713
369,06:09,4.9735,3.7024,8.6716
370,06:10,5.0156,3.7029,8.6163
371,06:11,5.013,3.7027,8.617
372,06:12,5.0001,3.7036,8.7052
373,06:13,5.0096,3.7057,8.7913
374,06:14,5.019,3.7064,8.9229
375,06:15,5.0202,3.7029,8.8346
376,06:16,5.0287,3.7027,8.919
377,06:17,5.0371,3.7072,8.452
378,06:18,5.0225,3.7058,8.6745
379,06:19,4.986,3.7035,8.5651
380,06:20,4.9948,3.7024,8.6203
381,06:21,5.05,3.7171,8.5037
382,06:22,5.0194,3.7169,8.6734
383,06:23,4.9739,3.7054,8.4655
384,06:24,4.9696,3.7033,8.4335
385,06:25,4.9793,3.7024,8.554
386,06:26,4.9727,3.7034,8.3173
387,06:27,4.957,3.7049,8.3052
388,06:28,4.9401,3.7029,8.3022
389,06:29,4.9615,3.7043,8.3
390,06:30,4.977,3.7027,8.5275
391,06:31,4.996,3.7024,8.716
392,06:32,4.9996,3.708,8.6374
393,06:33,4.9798,3.7069,8.4421
394,06:34,4.9824,3.702,8.612
395,06:35,4.9967,3.7038,8.5728
396,06:36,4.9937,3.7054,8.7312
397,06:37,4.9767,3.7105,8.5382
398,06:38,5.0393,3.7081,8.5365
399,06:39,4.9996,3.7218,8.4484
400,06:40,5.0061,3.7034,8.3329
401,06:41,5.0069,3.7052,8.5246
402,06:42,5.0484,3.7038,8.4148
403,06:43,4.9926,3.7044,8.7564
404,06:44,5.0307,3.7031,8.6359
405,06:45,5.0384,3.7032,8.5964
406,06:46,4.9966,3.7043,8.5509
407,06:47,5.0184,3.7064,8.6485
408,06:48,5.0213,3.7044,8.5772
409,06:49,5.034,3.7073,8.4972
410,06:50,5.0289,3.7092,8.7656
411,06:51,5.0405,3.7039,8.4777
412,06:52,5.0434,3.7107,8.5188
413,06:53,5.0416,3.7038,8.5575
414,06:54,5.0203,3.7035,8.4145
415,06:55,5.046,3.7026,8.5337
416,06:56,5.0457,3.703,8.3932
417,06:57,5.0455,3.7122,8.3943
418,06:58,5.0601,3.7047,8.2815
419,06:59,5.0586,3.7133,8.4854
420,07:00,5.1068,3.7491,8.7117
421,07:01,5.1134,3.7087,8.9795
422,07:02,5.1122,3.7114,9.0113
423,07:03,5.0841,3.7295,8.9308
424,07:04,5.0274,3.7092,8.85
425,07:05,5.0412,3.7052,8.9355
426,07:06,5.0523,3.7179,8.9595
427,07:07,5.0406,3.7227,8.8368
428,07:08,5.0409,3.7102,9.1381
429,07:09,5.0539,3.7293,9.2234
430,07:10,5.0259,3.7367,9.1581
431,07:11,5.0361,3.7103,9.1395
432,07:12,5.0298,3.7375,9.0209
433,07:13,5.0837,3.7096,9.1764
434,07:14,5.1081,3.7079,8.9912
435,07:15,5.0783,3.7027,8.7988
436,07:16,5.0704,3.7031,8.6218
437,07:17,5.0804,3.7277,8.8532
438,07:18,5.09,3.7042,8.8746
439,07:19,5.0664,3.703,8.8698
440,07:20,5.0725,3.7876,8.7929
441,07:21,5.065,3.7054,8.7549
442,07:22,5.0496,3.7034,8.7268
443,07:23,5.0394,3.71,8.7119
444,07:24,5.0556,3.7079,8.6827
445,07:25,5.0531,3.7063,8.7744
446,07:26,5.0476,3.7089,8.665
447,07:27,5.0121,3.7038,8.5482
448,07:28,5.0901,3.7055,8.6616
449,07:29,5.0449,3.7046,8.5297
450,07:30,5.0544,3.7049,8.7275
451,07:31,5.0627,3.7118,8.5692
452,07:32,5.0808,3.712,8.8079
453,07:33,5.0541,3.7082,8.7584
454,07:34,5.0505,3.7148,8.6299
455,07:35,5.0407,3.7159,8.4453
456,07:36,5.0417,3.7062,8.3827
457,07:37,5.0423,3.7069,8.6023
458,07:38,5.0616,3.7068,8.4551
459,07:39,5.0476,3.7041,8.5846
460,07:40,5.0612,3.703,8.4645
461,07:41,5.0739,3.7134,8.4855
462,07:42,5.0591,3.7194,8.6262
463,07:43,5.0783,3.7084,8.4918
464,07:44,5.0744,3.7048,8.3816
465,07:45,5.0762,3.7036,8.4966
466,07:46,5.1082,3.7058,8.4147
467,07:47,5.107,3.7133,8.6204
468,07:48,5.0654,3.7032,8.6326
469,07:49,5.0731,3.709,8.5555
470,07:50,5.0819,3.7167,8.7821
471,07:51,5.0539,3.7172,8.5205
472,07:52,5.0608,3.7196,8.6188
473,07:53,5.0538,3.7128,8.6253
474,07:54,5.0506,3.7074,9.3792
475,07:55,5.0437,3.7262,8.9238
476,07:56,5.0689,3.7204,8.5583
477,07:57,5.0777,3.7107,8.6761
478,07:58,5.0654,3.7233,8.6179
479,07:59,5.0765,3.7118,8.4772
480,08:00,5.0151,3.7117,9.006
481,08:01,5.1129,3.706,9.0855
482,08:02,5.1257,3.7088,9.2727
483,08:03,5.1049,3.7408,8.7179
484,08:04,5.0934,3.7355,9.1489
485,08:05,5.0543,3.7315,9.041
486,08:06,5.095,3.724,8.9846
487,08:07,5.0899,3.7161,8.5508
488,08:08,5.0713,3.7094,8.619
489,08:09,5.067,3.716,8.579
490,08:10,5.0817,3.7257,8.5682
491,08:11,5.0888,3.7103,8.6787
492,08:12,5.0833,3.7113,8.5727
493,08:13,5.0747,3.7333,8.5968
494,08:14,5.0635,3.7316,8.6537
495,08:15,5.0354,3.8289,8.6536
496,08:16,5.0811,3.7309,8.6797
497,08:17,5.1002,3.7498,8.5695
498,08:18,5.0687,3.7393,8.6229
499,08:19,5.0569,3.7315,8.6403
500,08:20,5.0386,3.7174,8.5854
501,08:21,5.0338,3.7179,8.5866
502,08:22,5.0349,3.7102,8.7378
503,08:23,5.0724,3.7191,8.8507
504,08:24,5.0598,3.7153,8.7572
505,08:25,5.064,3.7174,8.7075
506,08:26,5.0868,3.7223,8.6523
507,08:27,5.0849,3.7496,8.7309
508,08:28,5.1168,3.7854,8.6387
509,08:29,5.1011,3.7579,8.7273
510,08:30,5.0851,3.769,8.5022
511,08:31,5.0603,3.7784,8.5535
512,08:32,5.0641,3.7682,8.4966
513,08:33,5.1081,3.7564,8.921
514,08:34,5.0813,3.7511,8.5017
515,08:35,5.1173,3.7474,7.8958
516,08:36,5.127,3.7534,8.2427
517,08:37,5.0879,3.7318,8.2991
518,08:38,5.0606,3.7487,8.2019
519,08:39,5.0571,3.718,8.2172
520,08:40,5.0781,3.7321,8.1354
521,08:41,5.1145,3.7335,8.0759
522,08:42,5.0922,3.7265,8.3283
523,08:43,5.1092,3.742,8.4287
524,08:44,5.0504,3.7213,8.0864
525,08:45,5.0982,3.7334,8.1765
526,08:46,5.1013,3.7274,8.1258
527,08:47,5.1238,3.7352,8.191
528,08:48,5.1175,3.7395,8.1718
529,08:49,5.124,3.728,8.2521
530,08:50,5.1088,3.7234,8.7658
531,08:51,5.1155,3.7194,8.6764
532,08:52,5.0826,3.7273,8.3439
533,08:53,5.0815,3.7261,8.4883
534,08:54,5.0748,3.7406,8.646
535,08:55,5.1062,3.7497,8.5367
536,08:56,5.0945,3.7238,8.6418
537,08:57,5.0692,3.7228,8.5898
538,08:58,5.0731,3.7346,8.3392
539,08:59,5.0613,3.7396,8.4277
540,09:00,5.0526,3.7247,8.9235
541,09:01,5.0941,3.7349,9.122
542,09:02,5.0767,3.7332,8.7185
543,09:03,5.0509,3.7308,8.6361
544,09:04,5.0608,3.7827,8.3576
545,09:05,5.0503,3.7453,8.6934
546,09:06,5.0702,3.73,9.2557
547,09:07,5.0587,3.7698,8.6292
548,09:08,5.0182,3.8264,8.4939
549,09:09,5.0444,3.816,8.3105
550,09:10,5.066,3.7895,8.3678
551,09:11,5.0833,3.7327,8.5975
552,09:12,5.0704,3.7509,8.1878
553,09:13,5.13,3.9328,8.2279
554,09:14,5.0871,4.3714,8.1854
555,09:15,5.0607,4.1921,8.2089
556,09:16,5.0425,3.7863,8.5104
557,09:17,5.0876,3.7852,8.4485
558,09:18,5.091,3.8862,8.3607
559,09:19,5.0736,4.0192,8.4503
560,09:20,5.0903,3.9405,8.315
561,09:21,5.0484,4.7756,8.4128
562,09:22,5.0642,4.6448,8.1841
563,09:23,5.0855,4.3018,8.263
564,09:24,5.1069,4.339,8.4147
565,09:25,5.1156,3.81,8.9823
566,09:26,5.1158,4.0227,8.9866
567,09:27,5.1221,3.9011,8.8118
568,09:28,5.0756,3.9272,8.5978
569,09:29,5.0608,4.9074,8.5622
570,09:30,5.0819,3.7848,8.9889
571,09:31,5.0604,3.8276,8.7932
572,09:32,5.0787,3.9723,8.6569
573,09:33,5.0755,4.0265,8.7898
574,09:34,5.0705,4.0571,8.8799
575,09:35,5.0505,4.104,8.5738
576,09:36,5.0204,3.9934,8.8102
577,09:37,4.9995,3.9065,8.4604
578,09:38,5.0443,3.7744,8.4799
579,09:39,5.0613,3.8089,8.4499
580,09:40,5.0672,3.8041,8.3174
581,09:41,5.1439,3.8301,8.2632
582,09:42,5.0942,3.8392,8.2649
583,09:43,5.0933,3.7764,8.1415
584,09:44,5.1467,3.7361,8.006
585,09:45,5.0866,3.7357,8.0243
586,09:46,5.1169,3.7156,8.1931
587,09:47,5.0873,3.7225,8.4692
588,09:48,5.0668,3.719,8.3094
589,09:49,5.1002,3.7227,7.8405
590,09:50,5.0776,3.7167,8.056
591,09:51,5.0806,3.717,7.9695
592,09:52,5.0242,3.7152,7.9591
593,09:53,5.0637,3.7264,8.095
594,09:54,5.0678,3.7221,8.0876
595,09:55,5.0607,3.7206,8.1173
596,09:56,5.0855,3.7175,8.1536
597,09:57,5.1137,3.7155,7.8842
598,09:58,5.0789,3.7175,8.1677
599,09:59,5.0741,3.7136,8.1203
600,10:00,5.0946,3.7142,8.7394
601,10:01,5.0836,3.7196,8.8197
602,10:02,5.101,3.716,8.7788
603,10:03,5.1117,3.72,8.5654
604,10:04,5.0693,3.7257,8.5241
605,10:05,5.05,3.7287,8.6144
606,10:06,5.0811,3.721,8.6153
607,10:07,5.0661,3.7242,8.8246
608,10:08,5.0745,3.7158,8.6746
609,10:09,5.0749,3.7199,8.9216
610,10:10,5.0979,3.7133,8.6447
611,10:11,5.049,3.7171,8.8302
612,10:12,5.0463,3.7355,8.6537
613,10:13,5.1045,3.7287,8.771
614,10:14,5.1089,3.74,8.473
615,10:15,5.051,3.7246,8.5353
616,10:16,5.0684,3.7313,9.0631
617,10:17,5.0461,3.7195,9.0736
618,10:18,5.0595,3.7183,8.6841
619,10:19,5.0513,3.7234,8.5104
620,10:20,5.0586,3.7312,8.2672
621,10:21,5.021,3.7275,8.3511
622,10:22,5.1418,3.7478,8.5923
623,10:23,5.1296,3.7802,8.5482
624,10:24,5.1441,3.7314,8.5661
625,10:25,5.1326,3.7393,8.8619
626,10:26,5.1555,3.7441,8.8181
627,10:27,5.087,3.7343,8.6867
628,10:28,5.0454,3.7371,8.5839
629,10:29,5.081,3.733,8.6156
630,10:30,5.0917,3.7305,9.1356
631,10:31,5.0748,3.7288,8.8654
632,10:32,5.0317,3.7277,8.771
633,10:33,5.0503,3.7446,8.7903
634,10:34,5.016,3.756,8.943
635,10:35,5.0661,3.7349,9.0781
636,10:36,5.0282,3.7262,8.8362
637,10:37,5.0708,3.7272,8.8673
638,10:38,5.0611,3.7248,8.878
639,10:39,5.0293,3.7308,9.0
640,10:40,5.0565,3.7298,9.0136
641,10:41,5.0948,3.7285,8.9248
642,10:42,5.0852,3.7334,8.9379
643,10:43,5.0735,3.7229,8.9245
644,10:44,5.0783,3.7213,9.2964
645,10:45,5.0721,3.706,8.8958
646,10:46,5.0937,3.7033,9.5093
647,10:47,5.0728,3.7106,8.8479
648,10:48,5.0693,3.7057,9.0459
649,10:49,5.0621,3.7049,8.9203
650,10:50,5.0384,3.7071,9.1395
651,10:51,5.1191,3.7038,9.0999
652,10:52,5.1007,3.7126,9.1179
653,10:53,5.0986,3.7104,9.0966
654,10:54,5.0594,3.7152,8.9452
655,10:55,5.0499,3.7068,9.0937
656,10:56,5.1177,3.7051,9.0311
657,10:57,5.0776,3.7041,8.7447
658,10:58,5.0654,3.7046,8.729
659,10:59,5.0837,3.7048,8.6951
660,11:00,5.0858,3.7043,8.992
661,11:01,5.0905,3.7055,10.2014
662,11:02,5.087,3.7044,9.5714
663,11:03,5.078,3.7049,9.2634
664,11:04,5.1112,3.7108,9.0654
665,11:05,5.0922,3.7043,9.7102
666,11:06,5.1105,3.7034,9.4966
667,11:07,5.0942,3.707,9.7991
668,11:08,5.1218,3.7035,10.6587
669,11:09,5.0842,3.7112,10.6256
670,11:10,5.0752,3.7041,10.3235
671,11:11,5.0706,3.7131,10.6347
672,11:12,5.0565,3.7066,10.6536
673,11:13,5.09,3.7052,9.9899
674,11:14,5.0894,3.712,10.0059
675,11:15,5.0795,3.7081,10.0835
676,11:16,5.0961,3.707,9.7509
677,11:17,5.0991,3.7074,9.6959
678,11:18,5.1351,3.7094,9.5411
679,11:19,5.106,3.7088,9.7718
680,11:20,5.0842,3.7073,9.6193
681,11:21,5.1107,3.7063,9.6783
682,11:22,5.0411,3.7066,9.5038
683,11:23,5.0407,3.7075,9.3925
684,11:24,5.0726,3.7183,9.7465
685,11:25,5.0911,3.7062,9.5509
686,11:26,5.1252,3.7109,9.3978
687,11:27,5.0861,3.7077,9.7699
688,11:28,5.0795,3.7083,9.5652
689,11:29,5.0441,3.7059,10.2947
690,11:30,5.0536,3.7085,9.9783
691,11:31,5.0083,3.706,9.9765
692,11:32,5.0376,3.7063,9.9974
693,11:33,5.0303,3.7088,9.684
694,11:34,5.0545,3.7098,9.8562
695,11:35,5.0587,3.7094,9.59
696,11:36,5.0325,3.7095,9.6714
697,11:37,5.0287,3.7054,9.6008
698,11:38,5.0343,3.709,9.7709
699,11:39,5.0449,3.7069,9.8933
700,11:40,5.0185,3.7092,9.4155
701,11:41,5.0432,3.7091,9.5257
702,11:42,5.0565,3.7157,9.6554
703,11:43,5.0851,3.7059,9.5205
704,11:44,5.0824,3.7056,9.4298
705,11:45,5.0272,3.7071,9.412
706,11:46,5.0325,3.7052,9.7394
707,11:47,5.0773,3.7042,9.6733
708,11:48,5.0614,3.7033,9.4318
709,11:49,5.0593,3.7083,8.8147
710,11:50,5.0288,3.7035,9.2719
711,11:51,5.0237,3.7039,9.2224
712,11:52,5.0305,3.7035,9.2285
713,11:53,5.019,3.7037,9.2346
714,11:54,5.068,3.7071,9.2873
715,11:55,5.037,3.7031,9.6578
716,11:56,5.0355,3.7022,9.4172
717,11:57,5.0694,3.7041,9.1837
718,11:58,5.0156,3.7021,9.0959
719,11:59,5.0557,3.7042,9.1165
720,12:00,5.0033,3.7025,9.2849
721,12:01,5.0497,3.7026,9.3604
722,12:02,5.1086,3.703,9.4568
723,12:03,5.1276,3.7021,9.1866
724,12:04,5.0995,3.7031,9.2977
725,12:05,5.138,3.7023,9.4062
726,12:06,5.1178,3.7021,9.5029
727,12:07,5.1713,3.7032,9.4104
728,12:08,5.1091,3.7033,9.1042
729,12:09,5.1033,3.7027,9.2705
730,12:10,5.1005,3.7025,9.2285
731,12:11,5.1173,3.7021,9.0722
732,12:12,5.0866,3.703,9.1946
733,12:13,5.0311,3.7029,9.126
734,12:14,5.1028,3.705,9.2963
735,12:15,5.2813,3.7201,9.1864
736,12:16,5.164,3.7028,9.2218
737,12:17,5.1926,3.7025,9.1898
738,12:18,5.1207,3.7023,9.1325
739,12:19,5.0891,3.7021,9.3877
740,12:20,5.1529,3.7035,9.6009
741,12:21,5.1795,3.7023,9.5841
742,12:22,5.1542,3.7019,9.4737
743,12:23,5.1754,3.7018,9.5793
744,12:24,5.189,3.7019,9.4507
745,12:25,5.1673,3.7048,9.1986
746,12:26,5.1949,3.705,9.2495
747,12:27,5.2051,3.7028,9.2752
748,12:28,5.1647,3.703,9.0725
749,12:29,5.5168,3.7348,9.2872
750,12:30,6.7498,3.8259,10.6126
751,12:31,6.0015,3.7098,9.4385
752,12:32,5.9377,3.7046,9.461
753,12:33,5.888,3.7033,9.7808
754,12:34,5.258,3.7025,9.5686
755,12:35,5.191,3.7015,9.3117
756,12:36,5.1929,3.7022,9.2847
757,12:37,5.1886,3.7016,9.2353
758,12:38,5.1636,3.7016,9.3157
759,12:39,5.1697,3.7113,9.2143
760,12:40,5.1668,3.7124,9.3061
761,12:41,5.199,3.7088,10.0362
762,12:42,5.1942,3.703,9.4384
763,12:43,5.1876,3.7019,9.3434
764,12:44,5.1683,3.708,9.377
765,12:45,5.1929,3.7048,9.5042
766,12:46,5.1572,3.7037,9.4421
767,12:47,5.121,3.7036,9.0803
768,12:48,5.1387,3.7026,9.0597
769,12:49,5.1019,3.7027,8.8123
770,12:50,5.1089,3.7024,9.1747
771,12:51,5.1111,3.7024,9.2543
772,12:52,5.1125,3.7027,9.185
773,12:53,5.1356,3.7027,9.3024
774,12:54,5.0809,3.7029,8.9909
775,12:55,5.0432,3.7028,9.1405
776,12:56,5.0395,3.7028,9.039
777,12:57,5.108,3.7037,8.9377
778,12:58,5.0921,3.7033,8.9977
779,12:59,5.0587,3.7036,8.9539
780,13:00,4.9613,3.7039,9.867
781,13:01,4.986,3.7033,9.7935
782,13:02,4.9966,3.7028,9.452
783,13:03,4.9751,3.7043,9.1096
784,13:04,5.015,3.7042,9.2865
785,13:05,5.0208,3.7042,9.2773
786,13:06,5.0265,3.7039,9.1622
787,13:07,5.0588,3.7027,9.2384
788,13:08,5.0159,3.7043,9.408
789,13:09,5.0017,3.7034,9.2942
790,13:10,5.0049,3.7047,9.1452
791,13:11,5.0286,3.7038,9.1687
792,13:12,5.0214,3.7051,9.1346
793,13:13,5.0257,3.7043,9.0397
794,13:14,5.0962,3.705,8.8914
795,13:15,5.2301,3.7043,9.0435
796,13:16,5.1359,3.7045,8.9419
797,13:17,5.1469,3.7034,9.2822
798,13:18,5.0763,3.7046,8.7578
799,13:19,5.0572,3.7039,9.0209
800,13:20,5.0009,3.7045,8.7017
801,13:21,5.0201,3.705,8.771
802,13:22,5.0038,3.7061,8.8765
803,13:23,5.0429,3.7054,8.9862
804,13:24,5.0243,3.707,8.7627
805,13:25,5.034,3.7047,8.4448
806,13:26,5.0194,3.7043,8.5188
807,13:27,4.9788,3.7051,8.7153
808,13:28,5.0469,3.7049,8.6215
809,13:29,5.243,3.7278,8.7245
810,13:30,5.8106,3.7627,10.0693
811,13:31,5.554,3.729,9.8139
812,13:32,5.5783,3.7272,9.6866
813,13:33,5.4635,3.7371,9.3421
814,13:34,5.1578,3.7065,9.1718
815,13:35,5.1345,3.7398,9.2606
816,13:36,5.1557,3.7089,9.2164
817,13:37,5.1656,3.7053,9.0831
818,13:38,5.1544,3.7059,9.1924
819,13:39,5.1369,3.7069,9.1793
820,13:40,5.1043,3.7214,9.2663
821,13:41,5.0996,3.7067,9.3363
822,13:42,5.1441,3.7073,9.2233
823,13:43,5.1188,3.705,9.1945
824,13:44,5.11,3.7052,9.1043
825,13:45,5.2516,3.7174,9.2559
826,13:46,5.1229,3.7501,9.2181
827,13:47,5.1161,3.7576,9.1534
828,13:48,5.1117,3.7481,9.3912
829,13:49,5.0801,3.7495,9.3882
830,13:50,5.0831,3.7386,9.2768
831,13:51,5.0731,3.7387,9.4168
832,13:52,5.0615,3.7601,9.3318
833,13:53,5.0765,3.7531,9.2912
834,13:54,5.0908,3.7591,9.1851
835,13:55,5.0858,3.7468,9.2743
836,13:56,5.0901,3.7476,9.1459
837,13:57,5.104,3.7537,9.0652
838,13:58,5.1249,3.7543,9.1145
839,13:59,5.2087,3.7625,9.1579
840,14:00,5.3658,3.7852,9.3749
841,14:01,5.1028,3.7417,9.1733
842,14:02,5.0981,3.7403,9.0322
843,14:03,5.1004,3.7283,9.0445
844,14:04,5.114,3.7223,9.0058
845,14:05,5.0921,3.7393,8.9221
846,14:06,5.0813,3.7294,8.9428
847,14:07,5.0501,3.7393,9.0496
848,14:08,5.1031,3.7418,9.1954
849,14:09,5.0972,3.735,9.0828
850,14:10,5.0894,3.7327,8.9602
851,14:11,5.1089,3.743,8.7852
852,14:12,5.0915,3.7292,8.9344
853,14:13,5.0619,3.7229,9.0897
854,14:14,5.0718,3.731,9.2404
855,14:15,5.0596,3.7228,9.1699
856,14:16,5.0855,3.7341,9.2562
857,14:17,5.094,3.7342,9.1748
858,14:18,5.0513,3.7342,9.0808
859,14:19,5.037,3.7272,9.0986
860,14:20,5.0215,3.7278,9.1336
861,14:21,5.0327,3.7377,9.0159
862,14:22,5.0407,3.7511,9.1613
863,14:23,5.0344,3.7397,9.0869
864,14:24,5.0816,3.7406,9.1137
865,14:25,5.0421,3.7242,9.3753
866,14:26,5.0443,3.7329,9.5169
867,14:27,5.0,3.7329,9.211
868,14:28,5.0148,3.7116,9.2238
869,14:29,5.0121,3.7042,8.8622
870,14:30,4.9346,3.7069,9.3459
871,14:31,5.0081,3.7062,8.9648
872,14:32,5.0004,3.7058,8.7895
873,14:33,5.0334,3.7051,8.937
874,14:34,5.028,3.7045,8.925
875,14:35,5.0283,3.7057,8.8735
876,14:36,5.0157,3.7051,9.0023
877,14:37,4.9903,3.7055,9.0535
878,14:38,4.9832,3.7049,9.3352
879,14:39,5.0398,3.7087,9.1403
880,14:40,4.9864,3.7046,9.3778
881,14:41,5.0213,3.7034,9.3291
882,14:42,4.9971,3.7041,9.1331
883,14:43,5.0107,3.7033,9.016
884,14:44,4.9875,3.7048,9.2267
885,14:45,5.0432,3.7117,9.3411
886,14:46,5.0354,3.7053,9.3208
887,14:47,5.0123,3.7245,9.1424
888,14:48,5.0067,3.7219,9.1476
889,14:49,4.9942,3.714,8.8542
890,14:50,4.9966,3.7116,9.0243
891,14:51,5.0107,3.7192,9.2979
892,14:52,5.0055,3.7165,9.3719
893,14:53,5.0194,3.7163,9.1629
894,14:54,5.0278,3.7163,9.0257
895,14:55,4.9985,3.7167,9.1416
896,14:56,5.036,3.7154,9.1032
897,14:57,5.0564,3.7155,9.0996
898,14:58,5.0937,3.7137,9.0608
899,14:59,5.0678,3.7118,9.6423
900,15:00,5.1839,3.727,9.8379
901,15:01,5.0813,3.723,9.5874
902,15:02,5.1138,3.7298,9.3481
903,15:03,5.0307,3.7241,9.7486
904,15:04,5.1133,3.7144,9.5506
905,15:05,5.0665,3.7103,9.2348
906,15:06,5.0256,3.7114,9.3028
907,15:07,4.99,3.7118,8.819
908,15:08,4.9637,3.7135,8.6869
909,15:09,5.0106,3.7123,8.8086
910,15:10,5.0256,3.7144,8.7231
911,15:11,5.0428,3.7169,8.5579
912,15:12,5.0312,3.7177,8.5743
913,15:13,5.0361,3.7157,8.5497
914,15:14,5.0191,3.7187,8.436
915,15:15,5.0356,3.7199,8.5888
916,15:16,5.0424,3.7147,8.7936
917,15:17,5.0529,3.7134,8.8104
918,15:18,5.0202,3.7207,8.5316
919,15:19,5.0389,3.7131,8.3086
920,15:20,5.0282,3.7142,8.3617
921,15:21,5.0508,3.7138,8.508
922,15:22,5.0324,3.7171,8.5022
923,15:23,5.0487,3.7105,8.5344
924,15:24,5.0443,3.7122,8.3844
925,15:25,5.0504,3.7067,8.4037
926,15:26,5.0674,3.7042,8.342
927,15:27,5.0768,3.7054,8.3237
928,15:28,5.0371,3.7064,8.9734
929,15:29,5.0916,3.7043,9.0666
930,15:30,5.0667,3.7049,8.6773
931,15:31,5.0763,3.7045,8.4946
932,15:32,5.0883,3.7053,8.6463
933,15:33,5.0413,3.704,8.5868
934,15:34,5.0345,3.7461,8.4483
935,15:35,5.076,3.7061,8.5404
936,15:36,5.0364,3.705,8.6366
937,15:37,5.244,3.7045,8.6417
938,15:38,5.0362,3.7044,8.7405
939,15:39,5.0481,3.7044,8.4714
940,15:40,5.043,3.7045,8.6413
941,15:41,5.0314,3.7044,8.5157
942,15:42,5.0087,3.7044,8.3894
943,15:43,5.0561,3.7053,8.3346
944,15:44,5.0491,3.7045,8.4419
945,15:45,5.0338,3.7044,8.495
946,15:46,5.0308,3.7048,8.5274
947,15:47,5.039,3.7042,8.6038
948,15:48,5.0612,3.7048,8.4812
949,15:49,5.0724,3.7046,8.35
950,15:50,5.0374,3.7054,8.4624
951,15:51,5.0389,3.7042,8.5175
952,15:52,5.0365,3.704,8.6751
953,15:53,5.0526,3.7046,8.715
954,15:54,5.0448,3.7039,8.437
955,15:55,5.0131,3.7051,8.8189
956,15:56,5.0759,3.7043,8.6324
957,15:57,5.0669,3.7035,8.7812
958,15:58,5.0593,3.7046,8.4899
959,15:59,5.0623,3.7037,8.5079
960,16:00,5.0841,3.7035,8.8166
961,16:01,5.0962,3.7035,9.0572
962,16:02,5.0862,3.7039,8.8933
963,16:03,5.0463,3.7063,9.0132
964,16:04,5.0437,3.7061,8.9207
965,16:05,5.0765,3.7047,8.7604
966,16:06,5.064,3.7039,8.6863
967,16:07,5.0325,3.7054,8.6474
968,16:08,5.04,3.704,8.9878
969,16:09,5.0276,3.704,8.6681
970,16:10,5.0644,3.7059,8.7139
971,16:11,5.0834,3.7036,8.7475
972,16:12,5.039,3.7035,8.885
973,16:13,5.0619,3.7034,9.2902
974,16:14,5.0509,3.7036,9.5379
975,16:15,5.0479,3.7039,9.2636
976,16:16,5.0592,3.7043,9.1125
977,16:17,5.0393,3.7044,9.1455
978,16:18,5.0467,3.7056,9.0824
979,16:19,5.075,3.7039,8.8761
980,16:20,5.0572,3.7043,9.0017
981,16:21,5.0636,3.7042,8.8918
982,16:22,5.0589,3.7041,8.9717
983,16:23,5.0731,3.7048,8.846
984,16:24,5.0822,3.704,8.8494
985,16:25,5.0916,3.7071,8.7633
986,16:26,5.0785,3.7046,8.8608
987,16:27,5.0702,3.7069,8.6244
988,16:28,5.0728,3.7056,8.599
989,16:29,5.0591,3.7047,8.5878
990,16:30,5.0698,3.7046,8.9968
991,16:31,5.0715,3.704,8.8917
992,16:32,5.0828,3.7047,8.6544
993,16:33,5.066,3.7039,8.7402
994,16:34,5.0797,3.7039,8.8753
995,16:35,5.0735,3.713,8.7658
996,16:36,5.0593,3.7131,8.7384
997,16:37,5.0549,3.7047,8.5617
998,16:38,5.1116,3.7038,8.6982
999,16:39,5.118,3.7035,8.6139
1000,16:40,5.0768,3.7044,8.6811
1001,16:41,5.0868,3.7038,8.7674
1002,16:42,5.1224,3.7065,8.8879
1003,16:43,5.0981,3.7033,9.0852
1004,16:44,5.0889,3.7041,8.9924
1005,16:45,5.1172,3.7039,8.9459
1006,16:46,5.0887,3.7037,8.9183
1007,16:47,5.0928,3.7043,9.0388
1008,16:48,5.1368,3.7039,9.0609
1009,16:49,5.0903,3.7039,8.701
1010,16:50,5.1091,3.7043,9.1149
1011,16:51,5.0835,3.7031,8.8919
1012,16:52,5.1213,3.7031,8.628
1013,16:53,5.0569,3.7045,8.8524
1014,16:54,5.0623,3.7035,8.6943
1015,16:55,5.0983,3.7067,8.7609
1016,16:56,5.0803,3.7033,8.5789
1017,16:57,5.1118,3.7038,8.5266
1018,16:58,5.1278,3.7029,8.6826
1019,16:59,5.126,3.7065,8.3345
1020,17:00,5.0849,3.7022,8.9451
1021,17:01,5.1719,3.7021,8.7477
1022,17:02,5.1537,3.7029,8.8477
1023,17:03,5.0935,3.7023,8.4706
1024,17:04,5.145,3.7024,8.5133
1025,17:05,5.1941,3.7021,9.0987
1026,17:06,5.112,3.7039,8.9743
1027,17:07,5.1257,3.7022,8.8387
1028,17:08,5.1238,3.7021,8.68
1029,17:09,5.1302,3.7019,8.7147
1030,17:10,5.1289,3.7027,9.0223
1031,17:11,5.1387,3.7019,8.8322
1032,17:12,5.1199,3.7024,8.8953
1033,17:13,5.1118,3.7023,8.7282
1034,17:14,5.1226,3.702,8.697
1035,17:15,5.1481,3.7024,8.6636
1036,17:16,5.1096,3.7026,8.6311
1037,17:17,5.1426,3.7021,8.4743
1038,17:18,5.1226,3.7022,8.5913
1039,17:19,5.1245,3.7023,8.4588
1040,17:20,5.1217,3.702,8.6402
1041,17:21,5.1244,3.7024,8.4586
1042,17:22,5.1303,3.7024,8.6888
1043,17:23,5.1281,3.7038,8.7871
1044,17:24,5.1275,3.719,8.8619
1045,17:25,5.1582,3.7477,8.751
1046,17:26,5.1376,3.7088,8.6296
1047,17:27,5.1248,3.7109,8.9581
1048,17:28,5.1488,3.7192,8.849
1049,17:29,5.1376,3.7046,9.1426
1050,17:30,5.1765,3.7037,9.0855
1051,17:31,5.1908,3.7083,8.9593
1052,17:32,5.1772,3.7078,8.8917
1053,17:33,5.1471,3.7088,8.8917
1054,17:34,5.1585,3.7071,8.9304
1055,17:35,5.1523,3.7035,8.9082
1056,17:36,5.1469,3.7026,9.0217
1057,17:37,5.1494,3.7032,8.8515
1058,17:38,5.1281,3.7034,8.7569
1059,17:39,5.1315,3.7074,8.6863
1060,17:40,5.1319,3.703,8.8353
1061,17:41,5.1452,3.7062,8.5905
1062,17:42,5.1369,3.7078,8.8201
1063,17:43,5.1124,3.7027,8.7191
1064,17:44,5.1461,3.7029,8.4154
1065,17:45,5.1377,3.7091,8.4308
1066,17:46,5.1288,3.7023,8.3597
1067,17:47,5.1237,3.7027,8.5923
1068,17:48,5.1299,3.7059,8.3152
1069,17:49,5.1102,3.7026,8.2705
1070,17:50,5.0925,3.7028,8.263
1071,17:51,5.1065,3.7026,8.2465
1072,17:52,5.1403,3.7028,8.2838
1073,17:53,5.1687,3.7026,8.6365
1074,17:54,5.1012,3.7019,8.3137
1075,17:55,5.0927,3.703,8.6099
1076,17:56,5.1081,3.7029,8.3132
1077,17:57,5.1175,3.7026,8.2935
1078,17:58,5.0982,3.7075,8.4015
1079,17:59,5.1322,3.713,8.1727
1080,18:00,5.2727,4.1085,8.8496
1081,18:01,5.2373,4.0595,8.922
1082,18:02,5.1619,3.7924,8.7415
1083,18:03,5.212,3.767,8.61
1084,18:04,5.1663,3.7822,8.5389
1085,18:05,5.2051,3.7492,8.4765
1086,18:06,5.1437,3.7514,8.3541
1087,18:07,5.1457,3.7425,8.5156
1088,18:08,5.1776,3.7391,8.5809
1089,18:09,5.1777,3.748,8.5014
1090,18:10,5.1432,3.7467,8.3593
1091,18:11,5.1374,3.7511,8.3356
1092,18:12,5.1152,3.7441,8.3018
1093,18:13,5.1064,3.7464,8.3942
1094,18:14,5.075,3.755,8.2123
1095,18:15,5.1105,3.7531,8.4314
1096,18:16,5.1063,3.7542,8.4124
1097,18:17,5.1224,3.7533,8.5919
1098,18:18,5.1369,3.7485,8.7106
1099,18:19,5.1152,3.7504,8.7513
1100,18:20,5.1243,3.7619,8.684
1101,18:21,5.1035,3.7622,8.3498
1102,18:22,5.1049,3.7615,8.3232
1103,18:23,5.1137,3.7661,8.2017
1104,18:24,5.0708,3.7854,8.026
1105,18:25,5.1229,3.7697,8.348
1106,18:26,5.0851,3.7682,8.229
1107,18:27,5.0961,3.7603,8.1556
1108,18:28,5.0869,3.7545,8.1147
1109,18:29,5.0758,3.7869,7.8832
1110,18:30,5.1612,3.7856,8.1276
1111,18:31,5.1842,3.7651,8.0927
1112,18:32,5.1931,3.7866,8.6
1113,18:33,5.2579,3.7596,8.6688
1114,18:34,5.2493,3.762,8.5008
1115,18:35,5.2667,3.7561,8.5899
1116,18:36,5.2158,3.7542,8.3928
1117,18:37,5.1966,3.753,8.4533
1118,18:38,5.2116,3.7599,8.3453
1119,18:39,5.2478,3.7527,8.9737
1120,18:40,5.1544,3.7432,8.2422
1121,18:41,5.2322,3.7748,8.3826
1122,18:42,5.2163,3.7499,8.2597
1123,18:43,5.2262,3.7586,8.4738
1124,18:44,5.1854,3.7574,8.27
1125,18:45,5.1994,3.7563,8.2639
1126,18:46,5.2264,3.7755,8.2859
1127,18:47,5.1934,3.7649,8.209
1128,18:48,5.1737,3.7629,8.3383
1129,18:49,5.1973,3.758,8.3949
1130,18:50,5.1426,3.7806,8.3671
1131,18:51,5.1563,3.7915,8.0368
1132,18:52,5.1785,3.7588,8.0913
1133,18:53,5.1868,3.7657,8.0154
1134,18:54,5.1685,3.7645,8.0462
1135,18:55,5.1665,3.7538,8.3951
1136,18:56,5.1882,3.7658,8.2282
1137,18:57,5.1785,3.7679,8.0604
1138,18:58,5.1655,3.7783,7.9846
1139,18:59,5.2036,3.758,8.1723
1140,19:00,5.3041,3.7579,8.6472
1141,19:01,5.3023,3.7555,8.946
1142,19:02,5.295,3.7592,8.6489
1143,19:03,5.3039,3.7646,8.3327
1144,19:04,5.1344,3.7545,8.3524
1145,19:05,5.1209,3.7612,8.6407
1146,19:06,5.0932,3.771,8.6134
1147,19:07,5.0741,3.7709,8.5314
1148,19:08,5.1064,3.7848,8.5898
1149,19:09,5.089,3.7833,8.3842
1150,19:10,5.0847,3.7671,8.4765
1151,19:11,5.1012,3.7639,8.3039
1152,19:12,5.1213,3.7704,8.681
1153,19:13,5.1638,3.7771,8.9331
1154,19:14,5.1481,3.7713,8.9021
1155,19:15,5.1002,3.7515,8.6234
1156,19:16,5.1144,3.7573,8.6893
1157,19:17,5.1398,3.7567,8.7721
1158,19:18,5.0859,3.7478,8.9026
1159,19:19,5.1471,3.7585,8.5161
1160,19:20,5.1335,3.7565,8.7702
1161,19:21,5.1459,3.7534,8.5686
1162,19:22,5.1201,3.7493,8.1616
1163,19:23,5.1402,3.7489,8.1876
1164,19:24,5.1977,3.7513,8.2232
1165,19:25,5.1688,3.75,8.1979
1166,19:26,5.1907,3.7438,8.2221
1167,19:27,5.1559,3.7502,7.7755
1168,19:28,5.1647,3.7382,7.4996
1169,19:29,5.1627,3.7528,7.6819
1170,19:30,5.152,3.7507,8.1033
1171,19:31,5.1856,3.7572,7.921
1172,19:32,5.1644,3.7847,7.9038
1173,19:33,5.1515,3.7694,7.9887
1174,19:34,5.1402,3.7703,7.9997
1175,19:35,5.1845,3.749,8.1702
1176,19:36,5.1601,3.8079,8.0159
1177,19:37,5.14,3.7867,8.2118
1178,19:38,5.1583,3.7754,8.2114
1179,19:39,5.1218,3.7822,8.0309
1180,19:40,5.0692,3.7699,8.3828
1181,19:41,5.1354,3.7853,8.0477
1182,19:42,5.1187,3.7655,8.3815
1183,19:43,5.1192,3.7956,8.3026
1184,19:44,5.1234,3.7863,8.4742
1185,19:45,5.1096,3.7809,8.7458
1186,19:46,5.1703,3.7747,8.9092
1187,19:47,5.1506,3.7721,8.6391
1188,19:48,5.1528,3.7644,8.8193
1189,19:49,5.1353,3.7599,8.859
1190,19:50,5.1433,3.7576,9.039
1191,19:51,5.1123,3.7704,8.3816
1192,19:52,5.1246,3.7585,8.3684
1193,19:53,5.1193,3.7543,8.3425
1194,19:54,5.1392,3.7611,8.3468
1195,19:55,5.0929,3.7461,8.6451
1196,19:56,5.1609,3.7522,8.4928
1197,19:57,5.1248,3.7598,8.6737
1198,19:58,5.1315,3.7466,8.4886
1199,19:59,5.1863,3.7426,8.8148
1200,20:00,5.1738,3.7559,8.4571
1201,20:01,5.1929,3.7908,8.3696
1202,20:02,5.2025,3.7796,7.8942
1203,20:03,5.1773,3.785,7.7011
1204,20:04,5.1041,3.783,9.739
1205,20:05,5.1104,3.7857,10.2561
1206,20:06,5.1501,3.7691,10.3888
1207,20:07,5.1302,3.7721,8.7055
1208,20:08,5.1156,3.7727,7.6716
1209,20:09,5.1319,3.7721,7.7523
1210,20:10,5.105,3.7716,8.2118
1211,20:11,5.1181,3.7794,8.807
1212,20:12,5.1243,3.8033,8.8507
1213,20:13,5.1323,3.7927,8.4829
1214,20:14,5.1221,3.7936,8.3263
1215,20:15,5.0774,3.8046,8.311
1216,20:16,5.1523,3.7599,8.2908
1217,20:17,5.117,3.809,8.0786
1218,20:18,5.1341,3.79,7.9667
1219,20:19,5.1586,3.7754,7.9828
1220,20:20,5.142,3.7993,7.8402
1221,20:21,5.1272,3.7705,8.1399
1222,20:22,5.143,3.7805,8.8686
1223,20:23,5.141,3.7789,8.023
1224,20:24,5.1454,3.7727,8.521
1225,20:25,5.1352,3.8006,8.5678
1226,20:26,5.1092,3.9577,8.3915
1227,20:27,5.1299,4.0635,8.1077
1228,20:28,5.1335,4.0421,8.2652
1229,20:29,5.117,4.0014,8.2333
1230,20:30,5.0681,3.9847,7.8126
1231,20:31,5.131,3.9516,7.5979
1232,20:32,5.1374,3.9208,7.4833
1233,20:33,5.1393,3.9,7.7307
1234,20:34,5.1253,3.8558,7.6199
1235,20:35,5.1034,3.8544,7.5407
1236,20:36,5.1038,3.9001,7.9962
1237,20:37,5.0897,3.8257,7.6142
1238,20:38,5.151,3.8662,9.2303
1239,20:39,5.125,3.8661,9.9357
1240,20:40,5.1517,3.8501,7.892
1241,20:41,5.1439,3.8778,8.0358
1242,20:42,5.0712,3.967,7.8622
1243,20:43,5.0941,4.0535,7.7242
1244,20:44,5.1153,3.8245,8.762
1245,20:45,5.1044,3.9135,7.9819
1246,20:46,5.13,3.917,7.5281
1247,20:47,5.1277,3.8253,7.4459
1248,20:48,5.112,3.8771,7.5448
1249,20:49,5.3588,3.8168,7.7011
1250,20:50,5.2307,3.8695,7.7699
1251,20:51,5.1573,3.8508,8.0322
1252,20:52,5.2446,3.8342,7.8584
1253,20:53,5.199,3.8962,7.9308
1254,20:54,5.1846,3.796,8.1304
1255,20:55,5.1178,3.9331,8.3711
1256,20:56,5.2214,3.9309,7.899
1257,20:57,4.8631,3.8787,8.2064
1258,20:58,4.9046,3.8703,6.6402
1259,20:59,4.9419,3.8376,6.8265
1260,21:00,5.0679,3.8883,6.7237
1261,21:01,5.1262,3.9116,6.4363
1262,21:02,5.1,3.9144,5.9755
1263,21:03,5.1567,3.918,5.9054
1264,21:04,5.1055,3.8511,5.8605
1265,21:05,5.1159,3.8364,6.036
1266,21:06,5.0654,3.8386,5.9602
1267,21:07,5.089,3.8666,5.6745
1268,21:08,5.1206,3.867,5.7348
1269,21:09,5.0341,3.8129,5.9219
1270,21:10,5.0211,3.7036,5.8247
1271,21:11,5.058,3.7054,5.8376
1272,21:12,5.113,3.7037,6.0717
1273,21:13,5.1599,3.7051,6.0379
1274,21:14,5.0932,3.7069,5.717
1275,21:15,5.1335,3.7051,6.4476
1276,21:16,5.1094,3.708,6.8391
1277,21:17,5.0572,3.8062,6.8585
1278,21:18,5.0642,3.7875,7.2987
1279,21:19,5.0959,3.7136,7.5175
1280,21:20,4.9962,3.7047,6.8055
1281,21:21,5.01,3.7045,6.9257
1282,21:22,4.945,3.7052,6.9738
1283,21:23,5.0124,3.7047,6.6595
1284,21:24,5.0377,3.7056,6.8604
1285,21:25,5.0339,3.7108,6.638
1286,21:26,5.0287,3.746,6.6535
1287,21:27,5.0549,3.7873,6.793
1288,21:28,5.0324,3.7162,7.2179
1289,21:29,4.9584,3.708,7.8062
1290,21:30,4.9818,3.7088,7.2865
1291,21:31,4.9131,3.7072,6.6727
1292,21:32,4.8984,3.7074,7.1908
1293,21:33,4.8844,3.7055,8.2537
1294,21:34,4.8635,3.7089,8.1167
1295,21:35,4.9135,3.7081,7.7171
1296,21:36,4.9862,3.709,8.1801
1297,21:37,4.9892,3.7086,7.2384
1298,21:38,5.0013,3.7068,6.2412
1299,21:39,5.0258,3.7061,7.0575
1300,21:40,5.051,3.7083,7.4011
1301,21:41,5.0421,3.7119,6.4873
1302,21:42,4.9662,3.7105,7.0884
1303,21:43,5.0384,3.7066,6.8453
1304,21:44,4.9356,3.7098,6.706
1305,21:45,4.9,3.7092,6.5222
1306,21:46,5.0233,3.712,7.0004
1307,21:47,4.9878,3.7116,6.8178
1308,21:48,5.0072,3.7062,6.7987
1309,21:49,4.9521,3.7194,7.444
1310,21:50,5.0518,3.7094,7.5939
1311,21:51,5.0748,3.7088,8.3588
1312,21:52,5.0453,3.7065,7.7772
1313,21:53,5.0951,3.7046,7.8119
1314,21:54,5.0897,3.7087,7.3739
1315,21:55,4.9906,3.7078,7.3133
1316,21:56,5.0417,3.7088,7.2408
1317,21:57,4.4385,3.7093,7.7616
1318,21:58,,,
1319,21:59,,,
1320,22:00,,,16.9071
1321,22:01,14.2595,4.4244,16.9026
1322,22:02,13.3251,3.8012,15.9203
1323,22:03,12.7862,3.8526,15.213
1324,22:04,11.9927,3.9214,15.698
1325,22:05,9.6132,4.1488,16.1711
1326,22:06,9.408,3.9825,16.0815
1327,22:07,8.9406,3.9554,15.5945
1328,22:08,9.4131,3.9359,15.1681
1329,22:09,9.5413,3.955,14.9336
1330,22:10,9.0367,3.9633,14.7902
1331,22:11,9.4144,3.9059,14.3489
1332,22:12,9.7173,3.8104,14.2491
1333,22:13,9.5567,3.7393,13.4685
1334,22:14,9.6611,3.728,12.7362
1335,22:15,9.6491,3.7634,12.7621
1336,22:16,10.2822,3.7693,12.5059
1337,22:17,9.528,3.738,12.485
1338,22:18,9.6415,3.7305,12.0795
1339,22:19,9.9774,3.7451,12.2774
1340,22:20,9.9945,3.706,12.0108
1341,22:21,9.8024,3.7284,11.9217
1342,22:22,10.0552,3.8046,12.0025
1343,22:23,9.6421,3.8527,11.855
1344,22:24,10.0236,3.7561,12.1253
1345,22:25,10.4544,3.7272,11.8568
1346,22:26,10.5285,3.7279,11.8523
1347,22:27,10.916,3.7242,11.7684
1348,22:28,10.7782,3.7806,11.4219
1349,22:29,11.0126,3.7,11.3567
1350,22:30,10.5083,3.7673,11.4102
1351,22:31,10.6015,3.7226,11.2275
1352,22:32,10.5647,3.7147,12.5189
1353,22:33,10.3889,3.7733,12.667
1354,22:34,10.4083,3.7316,11.7201
1355,22:35,10.3986,3.7177,11.4113
1356,22:36,10.2603,3.7276,11.4975
1357,22:37,10.1345,3.705,11.2315
1358,22:38,10.5441,3.7232,11.3348
1359,22:39,10.5324,3.7014,11.3535
1360,22:40,10.7364,3.7,11.0813
1361,22:41,10.5196,3.7,11.2608
1362,22:42,10.6749,3.7,11.0998
1363,22:43,10.6458,3.7321,10.9347
1364,22:44,11.0136,3.7059,11.1628
1365,22:45,10.4127,3.7,10.7687
1366,22:46,10.8196,3.717,11.1628
1367,22:47,10.543,3.7107,11.5808
1368,22:48,10.9851,3.7251,12.0049
1369,22:49,10.9357,3.7112,11.5073
1370,22:50,10.8722,3.7207,11.3824
1371,22:51,10.71,3.7319,11.4688
1372,22:52,10.3004,3.7268,10.8075
1373,22:53,10.178,3.7095,10.7509
1374,22:54,10.6401,3.7401,12.0722
1375,22:55,10.6951,3.7138,11.2906
1376,22:56,10.5665,3.7023,10.9821
1377,22:57,10.3148,3.7,11.0134
1378,22:58,10.5056,3.7015,10.8218
1379,22:59,10.5411,3.7,10.8972
1380,23:00,6.157,3.7293,10.7376
1381,23:01,9.0085,3.7338,11.726
1382,23:02,9.4414,3.7454,11.3559
1383,23:03,8.9769,4.8306,11.0336
1384,23:04,8.6116,4.0533,11.0118
1385,23:05,8.1108,3.7792,10.6074
1386,23:06,7.7327,4.0068,10.6226
1387,23:07,7.8436,4.6668,11.323
1388,23:08,7.6357,3.8896,10.6569
1389,23:09,7.3202,3.7979,10.3574
1390,23:10,7.6752,3.739,10.3729
1391,23:11,7.8686,3.7095,10.8394
1392,23:12,8.0458,3.7424,9.6562
1393,23:13,8.0044,3.7212,9.4412
1394,23:14,7.9036,3.7719,9.5117
1395,23:15,8.3866,3.7701,9.1075
1396,23:16,7.8648,3.7425,8.8547
1397,23:17,7.908,3.7225,8.5451
1398,23:18,7.7713,3.7023,8.732
1399,23:19,7.8778,3.7043,9.388
1400,23:20,7.9201,3.7031,9.7491
1401,23:21,7.9542,3.7071,9.2041
1402,23:22,8.4687,3.7142,9.3892
1403,23:23,8.399,3.7311,9.7553
1404,23:24,8.3827,3.7344,9.557
1405,23:25,8.4322,3.7413,10.0536
1406,23:26,8.4915,3.7183,9.3631
1407,23:27,8.1839,3.736,9.3974
1408,23:28,7.961,3.7446,9.2363
1409,23:29,8.1132,3.7072,9.0107
1410,23:30,7.6987,3.7028,9.3496
1411,23:31,7.7288,3.7058,9.3245
1412,23:32,7.5667,3.7096,9.2374
1413,23:33,7.5079,3.7046,9.3011
1414,23:34,7.2144,3.7173,9.0542
1415,23:35,7.3314,3.7022,9.1934
1416,23:36,7.3659,3.7056,9.274
1417,23:37,7.4679,3.7385,9.274
1418,23:38,7.4939,3.7095,9.357
1419,23:39,7.3798,3.7021,10.0018
1420,23:40,7.5801,3.7047,9.8632
1421,23:41,7.4287,3.7049,9.5468
1422,23:42,7.1193,3.7052,9.8214
1423,23:43,7.4793,3.7081,10.0792
1424,23:44,7.4112,3.7025,9.5753
1425,23:45,7.1943,3.7024,9.3511
1426,23:46,7.7218,3.7051,9.0509
1427,23:47,7.4016,3.7016,9.2053
1428,23:48,7.3165,3.7028,9.214
1429,23:49,7.3232,3.7057,9.2218
1430,23:50,7.2538,3.7037,9.114
1431,23:51,7.2999,3.7033,8.8784
1432,23:52,7.298,3.7034,8.8376
1433,23:53,7.4971,3.7064,9.1412
1434,23:54,7.1855,3.7049,8.7825
1435,23:55,7.3015,3.7033,8.6152
1436,23:56,7.2161,3.7037,8.9449
1437,23:57,7.2565,3.7026,8.7561
1438,23:58,7.482,3.7077,8.9638
1439,23:59,5.8145,3.7036,8.9058
