session_date,side,entry_dt,exit_dt,bars_held,entry_price,exit_price,stop_price,target_at_entry,vwap_at_signal,dev_pct,exit_reason,lots,commission,pnl,r_multiple,equity
2024-01-03,1,2024-01-03 14:15:00,2024-01-03 23:59:55,105,2037.415,2042.835,2006.853775,2058.3779580896685,2058.3779580896685,-1.0184212285834882,session_end,0.1,0.7000000000000001,53.500000000000725,0.1773489118973499,10053.5
2024-01-12,-1,2024-01-12 14:35:00,2024-01-12 17:46:20,39,2061.082,2041.585302034429,2091.9982299999997,2039.2018838095232,2039.2018838095232,1.0720918004270887,tp,0.1,0.7000000000000001,194.26697965570776,0.6306298654645438,10247.76697965571
2024-02-01,-1,2024-02-01 16:45:00,2024-02-01 23:59:55,75,2063.986,2055.058,2094.9457899999998,2042.59614344942,2042.59614344942,1.0428569846708684,session_end,0.1,0.7000000000000001,88.57999999999883,0.2883740490487796,10336.346979655707
2024-02-02,1,2024-02-02 13:55:00,2024-02-02 21:57:55,97,2032.617,2039.675,2002.127745,2054.434273453094,2054.434273453094,-1.0614734058364672,session_end,0.1,0.7000000000000001,69.87999999999992,0.23149138934355734,10406.226979655707
2024-02-13,1,2024-02-13 14:10:00,2024-02-13 23:58:55,106,2002.137,1991.361,1972.1049449999998,2022.4512637254895,2022.4512637254895,-1.0074538799000237,session_end,0.1,0.7000000000000001,-108.4599999999984,-0.35881660445812963,10297.76697965571
2024-03-01,-1,2024-03-01 15:55:00,2024-03-01 21:56:55,73,2070.623,2083.446,2101.6823449999997,2048.437988656195,2048.437988656195,1.0863404929530232,session_end,0.1,0.7000000000000001,-128.92999999999864,-0.41285481068580177,10168.83697965571
2024-03-04,-1,2024-03-04 15:55:00,2024-03-04 23:58:55,85,2106.799,2114.911,2138.4009849999998,2084.869442408377,2084.869442408377,1.051747277100146,session_end,0.1,0.7000000000000001,-81.8200000000008,-0.25669273623160493,10087.01697965571
2024-03-05,-1,2024-03-05 13:35:00,2024-03-05 23:58:50,113,2139.916,2128.594,2172.01474,2118.51027607362,2118.51027607362,1.0100363528109872,session_end,0.1,0.7000000000000001,112.52000000000116,0.3527241256198888,10199.53697965571
2024-03-08,-1,2024-03-08 17:05:00,2024-03-08 21:56:55,59,2186.942,2178.633,2219.74613,2164.4817146341447,2164.4817146341447,1.0370512817960837,session_end,0.1,0.7000000000000001,82.39000000000196,0.25329127765315523,10281.926979655713
2024-03-12,1,2024-03-12 14:10:00,2024-03-12 23:58:55,106,2153.65,2156.984,2121.34525,2176.2092058823528,2176.2092058823528,-1.0378692370798537,session_end,0.1,0.7000000000000001,32.639999999998324,0.10320463708896703,10314.56697965571
2024-03-20,-1,2024-03-20 18:55:00,2024-03-20 23:58:55,48,2180.036,2203.707,2212.73654,2157.489964023495,2157.489964023495,1.0438303932828754,session_end,0.1,0.7000000000000001,-237.4099999999982,-0.7238718382020588,10077.156979655712
2024-03-21,1,2024-03-21 14:30:00,2024-03-21 23:58:55,102,2176.946,2181.559,2144.2918099999997,2203.738545977012,2203.738545977012,-1.2151643862607064,session_end,0.1,0.7000000000000001,45.430000000002835,0.14126824153348333,10122.586979655716
2024-03-26,-1,2024-03-26 10:55:00,2024-03-26 13:41:45,34,2198.435,2178.9650640243913,2231.4115249999995,2175.2635687022907,2175.2635687022907,1.0674536930511818,tp,0.1,0.7000000000000001,193.9993597560868,0.5904180618063585,10316.586339411802
2024-03-28,-1,2024-03-28 16:40:00,2024-03-28 20:56:55,52,2224.916,2232.793,2258.28974,2200.8238125000003,2200.8238125000003,1.1007327057444638,session_end,0.1,0.7000000000000001,-79.46999999999953,-0.23602389183831218,10237.116339411803
2024-04-01,1,2024-04-01 14:20:00,2024-04-01 20:02:45,69,2232.119,2244.501,2198.637215,2255.2012403100784,2255.2012403100784,-1.0269921768442225,session_end,0.1,0.7000000000000001,123.12000000000062,0.36981301922821863,10360.236339411804
2024-04-05,-1,2024-04-05 14:30:00,2024-04-05 20:00:55,67,2311.471,2323.647,2346.1430649999998,2285.147723180077,2285.147723180077,1.1509880325513948,session_end,0.1,0.7000000000000001,-122.45999999999931,-0.35117608368581504,10237.776339411805
2024-04-08,-1,2024-04-08 02:40:00,2024-04-08 12:02:05,113,2347.271,2333.9462037037047,2382.4800649999997,2315.57184375,2315.57184375,1.3683944350733273,tp,0.1,0.7000000000000001,132.54796296295518,0.37844788824399866,10370.32430237476
2024-04-10,1,2024-04-10 13:15:00,2024-04-10 14:20:40,14,2322.361,2349.8364011627914,2287.525585,2351.2968134171915,2351.2968134171915,-1.233587918449019,tp,0.1,0.7000000000000001,274.05401162791514,0.7887203629637111,10644.378314002675
2024-04-11,-1,2024-04-11 19:45:00,2024-04-11 23:58:55,39,2370.02,2377.132,2405.5703,2342.053187763713,2342.053187763713,1.196869156633126,session_end,0.1,0.7000000000000001,-71.8200000000008,-0.20005457056621476,10572.558314002674
2024-04-12,-1,2024-04-12 14:20:00,2024-04-12 15:30:45,15,2416.078,2393.5810931899655,2452.3191699999998,2391.788165697675,2391.788165697675,1.0145059938971137,tp,0.1,0.7000000000000001,224.2690681003449,0.6207555332798202,10796.827382103018
2024-04-12,1,2024-04-12 16:50:00,2024-04-12 20:56:55,50,2362.331,2344.451,2326.896035,2392.814709570958,2392.814709570958,-1.277750819930391,session_end,0.1,0.7000000000000001,-179.50000000000108,-0.5045863598284956,10617.327382103018
2024-04-15,1,2024-04-15 14:10:00,2024-04-15 16:41:20,31,2326.954,2353.8646549999994,2292.0496900000003,2355.2746490196073,2355.2746490196073,-1.2058741867505578,tp,0.1,0.7000000000000001,268.40654999999225,0.7709837266515025,10885.733932103009
2024-04-15,-1,2024-04-15 19:10:00,2024-04-15 23:58:55,46,2381.565,2381.969,2417.288475,2355.3416760869563,2355.3416760869563,1.1135676908081638,session_end,0.1,0.7000000000000001,-4.739999999999964,-0.011309090171098943,10880.993932103009
2024-04-19,-1,2024-04-19 01:35:00,2024-04-19 03:09:00,19,2406.155,2394.3824774774776,2442.247325,2381.9785087719297,2381.9785087719297,1.0145763758603394,tp,0.1,0.7000000000000001,117.02522522522649,0.32617800384216794,10998.019157328235
2024-04-22,1,2024-04-22 11:30:00,2024-04-22 22:04:10,115,2342.055,2329.644,2306.9241749999997,2366.9811050724634,2366.9811050724634,-1.0527166870518951,session_end,0.1,0.7000000000000001,-124.81000000000058,-0.35327949172841777,10873.209157328236
2024-04-23,1,2024-04-23 01:45:00,2024-04-23 05:17:35,43,2305.702,2314.129346560846,2271.1164700000004,2330.543650793651,2330.543650793651,-1.0657878381806967,tp,0.1,0.7000000000000001,83.57346560845762,0.24366683294562214,10956.782622936693
2024-04-30,1,2024-04-30 15:00:00,2024-04-30 23:58:55,96,2293.27,2290.703,2258.87095,2319.8190407407405,2319.8190407407405,-1.1477636950612486,session_end,0.1,0.7000000000000001,-26.370000000000072,-0.07462415386471452,10930.412622936692
2024-05-01,-1,2024-05-01 18:40:00,2024-05-01 23:58:55,52,2318.36,2324.493,2353.1354,2293.264802083333,2293.264802083333,1.0935587505587807,session_end,0.1,0.7000000000000001,-62.02999999999811,-0.17636030067230896,10868.382622936695
2024-05-02,1,2024-05-02 13:20:00,2024-05-02 17:55:50,56,2288.09,2308.540451937985,2253.76865,2311.6864114583336,2311.6864114583336,-1.0199225700106886,tp,0.1,0.7000000000000001,203.80451937984782,0.5958522009764966,11072.187142316543
2024-05-09,-1,2024-05-09 19:50:00,2024-05-09 23:58:55,38,2343.136,2346.655,2378.28304,2319.2801085434166,2319.2801085434166,1.0285041193909255,session_end,0.1,0.7000000000000001,-35.89000000000233,-0.10012222935417177,11036.29714231654
2024-05-15,-1,2024-05-15 17:35:00,2024-05-15 23:58:55,65,2389.905,2391.726,2425.753575,2365.655503159559,2365.655503159559,1.0280235988697393,session_end,0.1,0.7000000000000001,-18.909999999999126,-0.05079699820703929,11017.38714231654
2024-05-17,-1,2024-05-17 14:45:00,2024-05-17 20:56:55,75,2408.973,2414.076,2445.107595,2384.4947853107333,2384.4947853107333,1.0273335400091697,session_end,0.1,0.7000000000000001,-51.73000000000066,-0.141222006224231,10965.65714231654
2024-05-20,1,2024-05-20 12:45:00,2024-05-20 17:24:30,56,2410.199,2431.8133894230755,2374.046015,2435.551877995642,2435.551877995642,-1.0442141768941469,tp,0.1,0.7000000000000001,215.4438942307541,0.5978590543236003,11181.101036547294
2024-05-22,1,2024-05-22 14:20:00,2024-05-22 23:58:55,104,2389.593,2382.039,2353.749105,2415.7263149224805,2415.7263149224805,-1.0812199528206345,session_end,0.1,0.7000000000000001,-76.23999999999633,-0.2107471858178258,11104.861036547298
2024-05-23,1,2024-05-23 14:35:00,2024-05-23 23:58:55,101,2343.423,2332.014,2308.2716549999996,2367.0449057142846,2367.0449057142846,-1.001033214751558,session_end,0.1,0.7000000000000001,-114.78999999999651,-0.32456795038709274,10990.0710365473
2024-06-03,-1,2024-06-03 17:05:00,2024-06-03 23:59:55,71,2352.985,2350.76,2388.279775,2329.362619512195,2329.362619512195,1.0168395547089593,session_end,0.1,0.7000000000000001,21.54999999999909,0.06304049253749086,11011.6210365473
2024-06-07,1,2024-06-07 08:15:00,2024-06-07 12:30:55,52,2351.373,2316.102405,2316.102405,2376.703590909091,2376.703590909091,-1.0692368626148478,sl,0.1,0.7000000000000001,-353.40594999999956,-1.0,10658.215086547301
2024-06-07,1,2024-06-07 12:40:00,2024-06-07 20:13:40,91,2321.8,2286.973,2286.973,2363.3906107456132,2363.3906107456132,-1.7629802943351778,sl,0.1,0.7000000000000001,-348.97000000000224,-1.0,10309.245086547298
2024-06-12,-1,2024-06-12 13:10:00,2024-06-12 18:53:00,69,2340.05,2319.915202802359,2375.15075,2314.877825949366,2314.877825949366,1.0867819359026583,tp,0.1,0.7000000000000001,200.64797197641093,0.5736286887784824,10509.893058523709
2024-06-14,-1,2024-06-14 11:45:00,2024-06-14 20:57:55,111,2335.399,2332.957,2370.4299849999998,2312.2986690307316,2312.2986690307316,1.0017015223633632,session_end,0.1,0.7000000000000001,23.720000000000073,0.0697097155561003,10533.61305852371
2024-06-20,-1,2024-06-20 14:50:00,2024-06-20 23:59:55,98,2362.193,2360.878,2397.625895,2338.4435000000003,2338.4435000000003,1.0180703532071562,session_end,0.1,0.7000000000000001,12.450000000000546,0.037112406423467734,10546.06305852371
2024-06-21,1,2024-06-21 13:55:00,2024-06-21 20:57:55,85,2335.992,2321.571,2300.9521200000004,2362.018757485032,2362.018757485032,-1.1009547406270608,session_end,0.1,0.7000000000000001,-144.91000000000275,-0.41155962862887524,10401.153058523707
2024-07-03,-1,2024-07-03 14:50:00,2024-07-03 23:59:55,98,2364.598,2359.056,2400.06697,2340.5769569288377,2340.5769569288377,1.0294488715627772,session_end,0.1,0.7000000000000001,54.71999999999916,0.1562492511059648,10455.873058523706
2024-07-08,1,2024-07-08 15:50:00,2024-07-08 23:59:55,86,2354.629,2361.78,2319.309565,2378.7881657894736,2378.7881657894736,-1.0154189488939738,session_end,0.1,0.7000000000000001,70.81000000000294,0.20246643243303064,10526.68305852371
2024-07-11,-1,2024-07-11 12:45:00,2024-07-11 23:59:55,123,2407.724,2415.986,2443.83986,2380.144490196079,2380.144490196079,1.1631020687168605,session_end,0.1,0.7000000000000001,-83.31999999999717,-0.2287637619594201,10443.363058523712
2024-07-16,-1,2024-07-16 15:25:00,2024-07-16 23:59:55,91,2460.962,2468.394,2497.87643,2434.5546054054043,2434.5546054054043,1.0842186302163515,session_end,0.1,0.7000000000000001,-75.01999999999789,-0.20133048241567936,10368.343058523715
2024-07-31,-1,2024-07-31 19:35:00,2024-07-31 23:59:55,41,2445.46,2445.86,2482.1418999999996,2419.6206709219864,2419.6206709219864,1.0675776326613584,session_end,0.1,0.7000000000000001,-4.70000000000091,-0.010904560559842742,10363.643058523714
2024-08-02,1,2024-08-02 14:50:00,2024-08-02 20:57:55,74,2433.466,2441.956,2396.9640099999997,2458.920759363296,2458.920759363296,-1.034387109321979,session_end,0.1,0.7000000000000001,84.20000000000236,0.2325900587885808,10447.843058523715
2024-08-05,1,2024-08-05 11:00:00,2024-08-05 12:24:30,17,2408.741,2372.609885,2372.609885,2434.7502436868685,2434.7502436868685,-1.0710028165920666,sl,0.1,0.7000000000000001,-362.01115000000135,-1.0,10085.831908523714
2024-08-05,1,2024-08-05 12:30:00,2024-08-05 23:59:55,126,2369.789,2404.901,2334.242165,2429.57348,2429.57348,-2.463188723973059,session_end,0.1,0.7000000000000001,350.41999999999626,0.9877672653556786,10436.25190852371
2024-08-06,1,2024-08-06 15:25:00,2024-08-06 23:59:55,91,2382.779,2383.851,2347.037315,2406.831690090089,2406.831690090089,-1.00200982849724,session_end,0.1,0.7000000000000001,10.020000000001165,0.029992989977952005,10446.271908523711
2024-08-08,-1,2024-08-08 14:30:00,2024-08-08 23:59:55,102,2423.819,2424.711,2460.1762849999996,2397.674240421454,2397.674240421454,1.0935079977310505,session_end,0.1,0.7000000000000001,-9.619999999998253,-0.02453428521958764,10436.651908523714
2024-08-12,-1,2024-08-12 16:05:00,2024-08-12 23:59:55,83,2463.099,2475.643,2500.045485,2438.709658894646,2438.709658894646,1.0005841005449503,session_end,0.1,0.7000000000000001,-126.1399999999987,-0.33951808947454376,10310.511908523715
2024-08-16,-1,2024-08-16 12:55:00,2024-08-16 20:57:55,97,2485.987,2507.927,2523.276805,2459.6618279569916,2459.6618279569916,1.0693613139841904,session_end,0.1,0.7000000000000001,-220.10000000000053,-0.5883645677417761,10090.411908523714
2024-08-22,1,2024-08-22 14:15:00,2024-08-22 23:59:55,105,2475.77,2487.629,2438.63345,2503.92243079922,2503.92243079922,-1.126409925974327,session_end,0.1,0.7000000000000001,117.88999999999923,0.31933499476930055,10208.301908523714
2024-09-06,1,2024-09-06 16:45:00,2024-09-06 20:57:55,51,2487.645,2497.6,2450.330325,2515.5056268656713,2515.5056268656713,-1.1061246124239767,session_end,0.1,0.7000000000000001,98.84999999999927,0.26678511872339516,10307.151908523712
2024-09-12,-1,2024-09-12 13:40:00,2024-09-12 23:59:55,112,2544.471,2558.521,2582.6380649999996,2517.7733252032526,2517.7733252032526,1.0620961994102016,session_end,0.1,0.7000000000000001,-141.2000000000018,-0.36811842880767265,10165.951908523712
2024-09-18,-1,2024-09-18 18:35:00,2024-09-18 18:50:35,4,2599.428,2573.0425980825953,2638.4194199999997,2572.8646517189827,2572.8646517189827,1.0348717047057996,tp,0.1,0.7000000000000001,263.1540191740458,0.6766976405938715,10429.105927697758
2024-09-24,-1,2024-09-24 19:40:00,2024-09-24 23:59:55,40,2662.32,2658.302,2702.2547999999997,2635.816146186441,2635.816146186441,1.0085056141726394,session_end,0.1,0.7000000000000001,39.48000000000029,0.10061400082134067,10468.585927697757
2024-10-08,1,2024-10-08 15:15:00,2024-10-08 23:59:55,93,2612.544,2621.929,2573.3558399999997,2640.544620218578,2640.544620218578,-1.0623990219205544,session_end,0.1,0.7000000000000001,93.15000000000218,0.23948559973216862,10561.735927697759
2024-10-23,1,2024-10-23 14:40:00,2024-10-23 23:59:55,100,2719.109,2721.32,2678.322365,2746.8151524621203,2746.8151524621203,-1.0109399766937288,session_end,0.1,0.7000000000000001,21.410000000002402,0.054208933882391716,10583.145927697762
2024-10-31,1,2024-10-31 14:05:00,2024-10-31 23:59:55,107,2750.442,2746.752,2709.18537,2781.20103944773,2781.20103944773,-1.1051175018197592,session_end,0.1,0.7000000000000001,-37.60000000000055,-0.08944016997995394,10545.545927697762
2024-11-06,1,2024-11-06 06:35:00,2024-11-06 13:33:20,84,2709.518,2668.87523,2668.87523,2739.2026286919836,2739.2026286919836,-1.0818888818800076,sl,0.1,0.7000000000000001,-407.12769999999927,-1.0,10138.418227697763
2024-11-06,1,2024-11-06 13:40:00,2024-11-06 23:59:55,112,2662.038,2664.109,2622.10743,2726.2382398373975,2726.2382398373975,-2.356791086652416,session_end,0.1,0.7000000000000001,20.009999999999128,0.051865024716649756,10158.428227697761
2024-11-07,-1,2024-11-07 14:25:00,2024-11-07 23:59:55,103,2690.173,2706.965,2730.5255949999996,2662.7139277456654,2662.7139277456654,1.0336661391799264,session_end,0.1,0.7000000000000001,-168.6200000000037,-0.41613184976085027,9989.808227697757
2024-11-11,1,2024-11-11 13:35:00,2024-11-11 23:59:55,113,2642.112,2624.099,2602.48032,2669.842112474437,2669.842112474437,-1.0384364058420321,session_end,0.1,0.7000000000000001,-180.8299999999992,-0.45451012927031953,9808.978227697758
2024-11-13,1,2024-11-13 17:30:00,2024-11-13 23:59:55,66,2578.899,2571.05,2540.215515,2605.975492063492,2605.975492063492,-1.0411837005423012,session_end,0.1,0.7000000000000001,-79.18999999999706,-0.2029031251967009,9729.788227697762
2024-11-25,1,2024-11-25 03:30:00,2024-11-25 11:08:20,92,2671.611,2680.6771867167918,2631.536835,2703.1601984126987,2703.1601984126987,-1.1668453253795328,tp,0.1,0.7000000000000001,89.9618671679189,0.22623519958037533,9819.75009486568
2024-11-25,1,2024-11-25 14:20:00,2024-11-25 23:42:35,101,2652.576,2612.78736,2612.78736,2680.859994186047,2680.859994186047,-1.0541577794937087,sl,0.1,0.7000000000000001,-398.58640000000213,-1.0,9421.163694865678
2024-12-09,-1,2024-12-09 15:15:00,2024-12-09 23:59:55,93,2675.991,2660.548,2716.1308649999996,2649.04927959927,2649.04927959927,1.0190909096569916,session_end,0.1,0.7000000000000001,153.73000000000212,0.3847297443576441,9574.89369486568
2024-12-12,1,2024-12-12 14:35:00,2024-12-12 23:59:55,101,2683.123,2680.685,2642.876155,2712.0597399999997,2712.0597399999997,-1.0617111258765901,session_end,0.1,0.7000000000000001,-25.080000000001018,-0.06057617684069632,9549.81369486568
2024-12-18,1,2024-12-18 19:10:00,2024-12-18 23:59:55,46,2616.945,2588.286,2577.690825,2644.2738275362303,2644.2738275362303,-1.0352682559255488,session_end,0.1,0.7000000000000001,-287.29000000000104,-0.7300879460592429,9262.523694865678
2024-12-20,-1,2024-12-20 16:00:00,2024-12-20 21:57:55,72,2630.412,2622.742,2669.8681799999995,2603.985796874999,2603.985796874999,1.0141262351235831,session_end,0.1,0.7000000000000001,75.99999999999618,0.194392868240151,9338.523694865675
2025-02-03,-1,2025-02-03 14:50:00,2025-02-03 23:59:55,98,2826.219,2814.125,2868.6122849999997,2792.2099222846427,2792.2099222846427,1.2201295269190222,session_end,0.1,0.7000000000000001,120.2400000000005,0.28528102976686404,9458.763694865675
2025-02-11,1,2025-02-11 13:10:00,2025-02-11 23:59:55,118,2885.442,2898.597,2842.16037,2915.115162447259,2915.115162447259,-1.0197766054052797,session_end,0.1,0.7000000000000001,130.850000000002,0.30393956974356595,9589.613694865677
2025-02-14,1,2025-02-14 15:30:00,2025-02-14 21:57:55,78,2900.361,2882.834,2856.855585,2930.0932437275974,2930.0932437275974,-1.0142251886083684,session_end,0.1,0.7000000000000001,-175.97000000000043,-0.4028693899368621,9413.643694865676
2025-02-25,1,2025-02-25 15:35:00,2025-02-25 23:59:55,89,2907.904,2918.666,2864.28544,2939.4405704099822,2939.4405704099822,-1.0699338753971068,session_end,0.1,0.7000000000000001,106.9200000000017,0.24672983243830604,9520.563694865677
2025-02-28,1,2025-02-28 15:00:00,2025-02-28 21:48:15,82,2833.962,2858.7880114942527,2791.45257,2863.6363083333335,2863.6363083333335,-1.0359488824402776,tp,0.1,0.7000000000000001,247.56011494252726,0.5840118649968415,9768.123809808205
2025-03-13,-1,2025-03-13 15:25:00,2025-03-13 23:59:55,91,2974.026,2986.534,3018.6363899999997,2944.2030495495496,2944.2030495495496,1.0144154444449702,session_end,0.1,0.7000000000000001,-125.78000000000266,-0.28038311254396825,9642.343809808202
2025-03-21,1,2025-03-21 14:10:00,2025-03-21 20:57:55,82,2999.735,3023.554,2954.738975,3032.438879411764,3032.438879411764,-1.0782865116841853,session_end,0.1,0.7000000000000001,237.4899999999996,0.5293578710563879,9879.833809808202
2025-04-03,1,2025-04-03 10:35:00,2025-04-03 13:12:20,32,3102.923,3056.3791549999996,3056.3791549999996,3137.476324146981,3137.476324146981,-1.1031102890119997,sl,0.1,0.7000000000000001,-466.13845000000146,-1.0,9413.6953598082
2025-04-03,1,2025-04-03 13:20:00,2025-04-03 14:26:00,14,3067.548,3124.250060693641,3021.53478,3127.016845833333,3127.016845833333,-1.9037424090840904,tp,0.1,0.7000000000000001,566.3206069364121,1.2322993412250096,9980.015966744613
2025-04-04,-1,2025-04-04 11:15:00,2025-04-04 11:45:25,7,3134.534,3102.1443557919615,3181.55201,3101.1888234567887,3101.1888234567887,1.0766411993576852,tp,0.1,0.7000000000000001,323.1964420803859,0.6888773941738229,10303.212408824998
2025-04-04,1,2025-04-04 13:55:00,2025-04-04 15:37:55,21,3064.478,3018.51083,3018.51083,3099.6718872255487,3099.6718872255487,-1.1371328485060352,sl,0.1,0.7000000000000001,-460.37169999999895,-1.0,9842.840708825
2025-04-04,1,2025-04-04 15:45:00,2025-04-04 20:57:55,63,3018.069,3038.587,2972.7979649999997,3093.009778659612,3093.009778659612,-2.4222774585627116,session_end,0.1,0.7000000000000001,204.4800000000003,0.45322577670247505,10047.320708825
2025-04-07,-1,2025-04-07 01:35:00,2025-04-07 03:49:55,27,3029.006,3018.5949962962964,3074.4410899999993,2993.535763157895,2993.535763157895,1.1843765916697635,tp,0.1,0.7000000000000001,103.410037037035,0.22914015805192894,10150.730745862034
2025-04-07,1,2025-04-07 15:10:00,2025-04-07 23:59:55,94,2991.903,2981.399,2947.0244549999998,3024.1889285714287,3024.1889285714287,-1.0665480673743764,session_end,0.1,0.7000000000000001,-105.73999999999906,-0.23405393378951786,10044.990745862036
2025-04-09,-1,2025-04-09 06:35:00,2025-04-09 14:16:30,93,3034.134,3079.64601,3079.64601,3003.372799578059,3003.372799578059,1.0257368125019,sl,0.1,0.7000000000000001,-455.8200999999992,-1.0,9589.170645862037
2025-04-09,-1,2025-04-09 14:25:00,2025-04-09 23:59:55,103,3082.744,3086.883,3128.9851599999997,3029.201664739883,3029.201664739883,1.7704280267759003,session_end,0.1,0.7000000000000001,-42.08999999999669,-0.08950900020673587,9547.080645862041
2025-04-10,-1,2025-04-10 14:25:00,2025-04-10 23:59:55,103,3148.581,3189.071,3195.809715,3115.986250481696,3115.986250481696,1.0458726996393495,session_end,0.1,0.7000000000000001,-405.5999999999978,-0.8573174180157137,9141.480645862042
2025-04-16,-1,2025-04-16 08:20:00,2025-04-16 23:59:55,176,3312.431,3350.231,3362.117465,3279.625865,3279.625865,1.002755690853775,session_end,0.1,0.7000000000000001,-378.7000000000018,-0.7607705639755284,8762.78064586204
2025-04-17,1,2025-04-17 14:35:00,2025-04-17 20:30:10,72,3293.126,3325.082198509485,3243.72911,3330.658822857145,3330.658822857145,-1.12852516142441,tp,0.1,0.7000000000000001,318.86198509484694,0.646927337115448,9081.642630956887
2025-04-21,-1,2025-04-21 13:05:00,2025-04-21 23:59:55,119,3421.21,3434.647,3472.5281499999996,3386.0569723991503,3386.0569723991503,1.0379485013788214,session_end,0.1,0.7000000000000001,-135.06999999999897,-0.2618371862586629,8946.572630956889
2025-04-22,-1,2025-04-22 03:20:00,2025-04-22 07:13:25,47,3484.669,3466.2767984496136,3536.9390349999994,3444.964783333333,3444.964783333333,1.1539077803925624,tp,0.1,0.7000000000000001,183.2220155038629,0.35186893504828237,9129.794646460752
2025-04-22,1,2025-04-22 13:05:00,2025-04-22 16:38:45,43,3425.25,3373.87125,3373.87125,3462.1425254777073,3462.1425254777073,-1.0675188905635127,sl,0.1,0.7000000000000001,-514.4874999999986,-1.0,8615.307146460753
2025-04-22,1,2025-04-22 16:45:00,2025-04-22 22:04:10,52,3383.815,3333.057775,3333.057775,3453.394352404644,3453.394352404644,-2.0162149265160374,sl,0.1,0.7000000000000001,-508.27224999999834,-1.0,8107.034896460755
2025-04-22,1,2025-04-22 22:10:00,2025-04-22 23:59:55,22,3332.959,3336.622,3282.964615,3438.9702709973735,3438.9702709973735,-3.0841432940510076,session_end,0.1,0.7000000000000001,35.930000000000106,0.07326822802200714,8142.964896460754
2025-04-23,1,2025-04-23 05:50:00,2025-04-23 09:20:10,43,3318.014,3338.9102886904757,3268.24379,3352.7553476190474,3352.7553476190474,-1.0376494558051503,tp,0.1,0.7000000000000001,208.2628869047556,0.4198553450040798,8351.22778336551
2025-04-23,1,2025-04-23 13:20:00,2025-04-23 23:51:30,115,3300.936,3316.889881995134,3251.42196,3335.096904166667,3335.096904166667,-1.0255895150732905,tp,0.1,0.7000000000000001,158.83881995133999,0.32220925610461176,8510.066603316849
2025-04-25,1,2025-04-25 05:50:00,2025-04-25 19:43:25,167,3303.135,3306.856913135595,3253.5879750000004,3340.866004761905,3340.866004761905,-1.128285441803929,tp,0.1,0.7000000000000001,36.519131355946044,0.07511880149402746,8546.585734672795
2025-04-28,-1,2025-04-28 14:40:00,2025-04-28 23:59:55,100,3326.89,3337.781,3376.7933499999995,3291.5069659090905,3291.5069659090905,1.0742354324972132,session_end,0.1,0.7000000000000001,-109.61000000000077,-0.21824186151831823,8436.975734672795
2025-05-05,-1,2025-05-05 09:25:00,2025-05-05 23:59:55,163,3298.056,3334.129,3347.5268399999995,3261.864812684366,3261.864812684366,1.1061061505471224,session_end,0.1,0.7000000000000001,-361.42999999999864,-0.7291770263047935,8075.545734672796
2025-05-06,-1,2025-05-06 01:45:00,2025-05-06 03:00:35,16,3378.495,3355.7899166666666,3429.1724249999997,3342.3388968253967,3342.3388968253967,1.080728324973638,tp,0.1,0.7000000000000001,226.3508333333328,0.448031511729993,8301.896568006128
2025-05-06,-1,2025-05-06 16:45:00,2025-05-06 22:59:15,63,3408.014,3383.288996831433,3459.1342099999997,3373.6034154228846,3373.6034154228846,1.0198022808440426,tp,0.1,0.7000000000000001,246.55003168567129,0.4836639592945202,8548.4465996918
2025-05-08,1,2025-05-08 06:00:00,2025-05-08 13:18:50,88,3355.541,3364.7164790356396,3305.2078850000003,3391.546731481482,3391.546731481482,-1.063297496293948,tp,0.1,0.7000000000000001,91.05479035639455,0.182295076226446,8639.501390048195
2025-05-08,1,2025-05-08 16:05:00,2025-05-08 23:59:55,83,3326.889,3316.474,3276.985665,3362.782014680483,3362.782014680483,-1.066780853587129,session_end,0.1,0.7000000000000001,-104.84999999999964,-0.20870348645035386,8534.651390048195
2025-05-12,1,2025-05-12 07:25:00,2025-05-12 23:59:55,187,3236.872,3236.942,3188.3189199999997,3275.1271198501886,3275.1271198501886,-1.1674850609138385,session_end,0.1,0.7000000000000001,1.6370238498097933e-12,0.0014417211019396403,8534.651390048197
2025-05-14,1,2025-05-14 12:50:00,2025-05-14 23:59:55,122,3194.875,3186.19,3146.9518749999997,3232.564259740261,3232.564259740261,-1.1679507878768192,session_end,0.1,0.7000000000000001,-87.54999999999946,-0.18122774756445661,8447.101390048198
2025-05-15,1,2025-05-15 05:55:00,2025-05-15 08:38:10,33,3129.459,3155.6717119741106,3082.5171149999996,3161.572361502348,3161.572361502348,-1.0173058789982843,tp,0.1,0.7000000000000001,261.4271197411079,0.5584077412764887,8708.528509789305
2025-05-15,-1,2025-05-15 13:10:00,2025-05-15 22:03:35,95,3194.225,3242.1383749999995,3242.1383749999995,3162.25489135021,3162.25489135021,1.013852764920556,sl,0.1,0.7000000000000001,-479.8337499999963,-1.0,8228.694759789309
2025-05-15,-1,2025-05-15 22:10:00,2025-05-15 23:59:55,22,3245.435,3237.249,3294.1165249999995,3183.508075459318,3183.508075459318,1.9448175746106382,session_end,0.1,0.7000000000000001,81.16000000000149,0.16815414061084225,8309.85475978931
2025-05-16,1,2025-05-16 10:55:00,2025-05-16 20:05:20,111,3172.507,3200.36628077455,3124.919395,3216.1158027989804,3216.1158027989804,-1.3556819925773564,tp,0.1,0.7000000000000001,277.89280774549917,0.585431453727285,8587.747567534809
2025-05-20,-1,2025-05-20 14:00:00,2025-05-20 23:59:55,108,3261.278,3290.794,3310.1971699999995,3224.847718253968,3224.847718253968,1.1246044748329214,session_end,0.1,0.7000000000000001,-295.86000000000075,-0.6033626490392269,8291.887567534808
2025-05-22,1,2025-05-22 11:00:00,2025-05-22 23:59:55,144,3289.767,3300.207,3240.420495,3327.0723813131317,3327.0723813131317,-1.1210420765901987,session_end,0.1,0.7000000000000001,103.70000000000054,0.21156513516002926,8395.587567534809
2025-05-23,-1,2025-05-23 12:10:00,2025-05-23 20:57:55,106,3351.598,3356.404,3401.8719699999997,3317.595939497717,3317.595939497717,1.026573492474177,session_end,0.1,0.7000000000000001,-48.7600000000004,-0.0955961902352264,8346.827567534809
2025-05-27,1,2025-05-27 07:55:00,2025-05-27 23:59:55,181,3294.066,3309.473,3244.65501,3332.7017631578956,3332.7017631578956,-1.1614379536085102,session_end,0.1,0.7000000000000001,153.37000000000154,0.3118132221192127,8500.19756753481
2025-05-29,-1,2025-05-29 12:25:00,2025-05-29 23:59:55,127,3309.577,3315.602,3359.220655,3276.855157718122,3276.855157718122,1.0004208518238638,session_end,0.1,0.7000000000000001,-60.949999999996365,-0.12136495590422691,8439.247567534814
2025-06-02,-1,2025-06-02 07:10:00,2025-06-02 23:59:55,190,3348.48,3387.554,3398.7072,3315.272341085271,3315.272341085271,1.0022452304431773,session_end,0.1,0.7000000000000001,-391.4400000000007,-0.7779450178389441,8047.807567534813
2025-06-05,1,2025-06-05 15:55:00,2025-06-05 23:59:55,85,3341.79,3361.871,3291.66315,3376.7794930191967,3376.7794930191967,-1.037437981710629,session_end,0.1,0.7000000000000001,200.11000000000132,0.40060366849303497,8247.917567534814
2025-06-06,1,2025-06-06 14:20:00,2025-06-06 20:57:55,80,3324.02,3311.763,3274.1597,3361.3603817829458,3361.3603817829458,-1.1122544903416396,session_end,0.1,0.7000000000000001,-123.27000000000062,-0.24582684019149714,8124.647567534814
2025-06-16,1,2025-06-16 14:00:00,2025-06-16 23:59:55,108,3388.123,3402.83,3337.301155,3424.0386408730155,3424.0386408730155,-1.0502259070255944,session_end,0.1,0.7000000000000001,146.3699999999988,0.2893834334428413,8271.017567534813
2025-06-24,1,2025-06-24 13:45:00,2025-06-24 23:59:55,111,3298.848,3324.204,3249.36528,3333.1552676767656,3333.1552676767656,-1.0294080209675074,session_end,0.1,0.7000000000000001,252.86000000000223,0.5124213058619299,8523.877567534815
2025-06-27,1,2025-06-27 13:20:00,2025-06-27 20:57:55,92,3261.162,3274.66,3212.24457,3294.662781250002,3294.662781250002,-1.0156208228784647,session_end,0.1,0.7000000000000001,134.28000000000048,0.2759343653172306,8658.157567534814
2025-07-03,1,2025-07-03 12:45:00,2025-07-03 23:59:55,123,3312.243,3330.933,3262.559355,3350.1136089324614,3350.1136089324614,-1.131875314059708,session_end,0.1,0.7000000000000001,186.20000000000056,0.37618012929606975,8844.357567534815
2025-07-08,1,2025-07-08 15:10:00,2025-07-08 23:59:55,94,3291.781,3302.339,3242.404285,3327.6865201465207,3327.6865201465207,-1.0791286958406052,session_end,0.1,0.7000000000000001,104.87999999999992,0.21382548434013926,8949.237567534816
2025-07-16,-1,2025-07-16 15:20:00,2025-07-16 15:56:10,8,3369.493,3336.5359188481684,3420.0353949999994,3335.4436159420306,3335.4436159420306,1.0202805976187446,tp,0.1,0.7000000000000001,328.8708115183152,0.6520680539937186,9278.10837905313
2025-07-21,-1,2025-07-21 14:35:00,2025-07-21 23:59:55,101,3399.824,3396.631,3450.82136,3366.118637142858,3366.118637142858,1.0010598701222069,session_end,0.1,0.7000000000000001,31.23000000000211,0.06261108418161687,9309.338379053132
2025-07-22,-1,2025-07-22 15:05:00,2025-07-22 23:59:55,95,3429.819,3427.556,3481.2662849999997,3393.5082826887665,3393.5082826887665,1.0717880812837044,session_end,0.1,0.7000000000000001,21.9299999999992,0.0439867720910818,9331.268379053132
2025-07-23,1,2025-07-23 16:05:00,2025-07-23 23:59:55,83,3386.358,3390.07,3335.5626300000004,3422.7678264248675,3422.7678264248675,-1.065842858029101,session_end,0.1,0.7000000000000001,36.41999999999989,0.07307752655409346,9367.688379053132
2025-07-28,1,2025-07-28 14:00:00,2025-07-28 23:59:55,108,3302.443,3312.529,3252.906355,3335.931910714285,3335.931910714285,-1.005368563026329,session_end,0.1,0.7000000000000001,100.15999999999785,0.20360684499323195,9467.848379053128
2025-07-30,1,2025-07-30 15:35:00,2025-07-30 23:59:55,89,3290.717,3285.365,3241.356245,3324.274416221034,3324.274416221034,-1.0102630534097599,session_end,0.1,0.7000000000000001,-54.22000000000317,-0.10842621835910532,9413.628379053125
2025-08-01,-1,2025-08-01 12:35:00,2025-08-01 20:57:55,101,3328.082,3363.218,3378.0032299999993,3293.0018200883005,3293.0018200883005,1.067010643521519,session_end,0.1,0.7000000000000001,-352.05999999999966,-0.7038288119102903,9061.568379053126
2025-08-22,-1,2025-08-22 14:20:00,2025-08-22 20:57:55,80,3365.797,3372.397,3416.283955,3331.7428236434116,3331.7428236434116,1.0212876010453595,session_end,0.1,0.7000000000000001,-66.6999999999991,-0.13072683824960188,8994.868379053127
2025-09-02,-1,2025-09-02 16:15:00,2025-09-02 23:59:55,81,3526.18,3530.094,3579.0726999999997,3489.988308547008,3489.988308547008,1.0363986424943348,session_end,0.1,0.7000000000000001,-39.84000000000215,-0.07399886940920436,8955.028379053125
2025-09-05,-1,2025-09-05 13:50:00,2025-09-05 20:57:55,86,3590.882,3586.695,3644.7452299999995,3555.2273433734945,3555.2273433734945,1.0041595987678817,session_end,0.1,0.7000000000000001,41.16999999999898,0.0777339197816384,8996.198379053123
2025-09-08,-1,2025-09-08 15:00:00,2025-09-08 23:59:55,96,3640.776,3635.055,3695.3876399999995,3604.325842592593,3604.325842592593,1.010553956498215,session_end,0.1,0.7000000000000001,56.51000000000003,0.10475788678018172,9052.708379053123
2025-09-15,-1,2025-09-15 16:10:00,2025-09-15 23:59:55,82,3682.136,3677.06,3737.3680399999994,3645.3924948453614,3645.3924948453614,1.00779285650549,session_end,0.1,0.7000000000000001,50.060000000000215,0.0919031779380243,9102.768379053125
2025-09-23,-1,2025-09-23 09:25:00,2025-09-23 18:55:25,115,3790.213,3766.3361842878103,3847.066195,3752.1387477876083,3752.1387477876083,1.0158939947214702,tp,0.1,0.7000000000000001,238.0681571218991,0.4199731556369003,9340.836536175022
2025-09-24,1,2025-09-24 19:05:00,2025-09-24 23:59:55,47,3721.513,3742.981,3665.690305,3759.9325160116455,3759.9325160116455,-1.0235826267560133,session_end,0.1,0.7000000000000001,213.98000000000303,0.3845747683805012,9554.816536175025
2025-09-30,1,2025-09-30 08:40:00,2025-09-30 14:08:55,66,3807.874,3837.146896449705,3750.75589,3852.7567211538462,3852.7567211538462,-1.1660020189489835,tp,0.1,0.7000000000000001,292.0289644970506,0.512497637784323,9846.845500672076
2025-10-02,1,2025-10-02 14:50:00,2025-10-02 23:47:20,96,3829.967,3863.305288766788,3772.517495,3871.3133127340816,3871.3133127340816,-1.0672298880635602,tp,0.1,0.7000000000000001,332.68288766788083,0.5803059359134262,10179.528388339957
2025-10-09,1,2025-10-09 16:40:00,2025-10-09 23:59:55,76,3986.619,3989.994,3926.819715,4030.455544999998,4030.455544999998,-1.0866524766494603,session_end,0.1,0.7000000000000001,33.05,0.056438801902062824,10212.578388339958
2025-10-13,-1,2025-10-13 16:10:00,2025-10-13 23:59:55,82,4112.388,4128.144,4174.07382,4070.15009621993,4070.15009621993,1.0370232738903231,session_end,0.1,0.7000000000000001,-158.26000000000312,-0.25542336958478284,10054.318388339954
2025-10-14,1,2025-10-14 06:25:00,2025-10-14 08:13:10,22,4099.546,4139.302068027211,4038.05281,4145.786383116884,4145.786383116884,-1.1185545715941994,tp,0.1,0.7000000000000001,396.8606802721086,0.6465117198702941,10451.179068612062
2025-10-16,-1,2025-10-16 18:05:00,2025-10-16 22:10:05,38,4292.951,4357.345265,4357.345265,4234.933389492754,4234.933389492754,1.368548337762342,sl,0.1,0.7000000000000001,-644.6426499999991,-1.0,9806.536418612064
2025-10-16,-1,2025-10-16 22:20:00,2025-10-16 23:59:55,20,4369.093,4365.904,4434.629394999999,4247.418362481316,4247.418362481316,2.863672168324565,session_end,0.1,0.7000000000000001,31.18999999999396,0.048659985035787154,9837.726418612057
2025-10-17,1,2025-10-17 01:45:00,2025-10-17 02:30:35,10,4291.003,4340.355955555556,4226.637954999999,4349.858595238095,4349.858595238095,-1.3527128284701109,tp,0.1,0.7000000000000001,492.8295555555604,0.7667664266459486,10330.555974167619
2025-10-17,1,2025-10-17 11:55:00,2025-10-17 14:04:50,26,4302.253,4237.719204999999,4237.719204999999,4345.959744755245,4345.959744755245,-1.0052841563470356,sl,0.1,0.7000000000000001,-646.0379500000029,-1.0,9684.518024167615
2025-10-17,1,2025-10-17 14:10:00,2025-10-17 20:57:55,82,4237.595,4250.998,4174.031075,4338.254947058823,4338.254947058823,-2.3186845468134507,session_end,0.1,0.7000000000000001,133.3299999999934,0.21085859628711187,9817.848024167608
2025-10-20,-1,2025-10-20 12:35:00,2025-10-20 19:44:30,86,4305.111,4369.6876649999995,4369.6876649999995,4255.92460375276,4255.92460375276,1.1573253953749203,sl,0.1,0.7000000000000001,-646.466649999996,-1.0,9171.381374167613
2025-10-20,-1,2025-10-20 19:50:00,2025-10-20 23:59:55,38,4371.652,4360.591,4437.22678,4286.79337114846,4286.79337114846,1.9791513494108615,session_end,0.1,0.7000000000000001,109.90999999999694,0.16867765320752443,9281.29137416761
2025-10-21,1,2025-10-21 07:40:00,2025-10-21 12:10:40,55,4297.458,4232.9961299999995,4232.9961299999995,4342.737652173911,4342.737652173911,-1.0440914419781377,sl,0.1,0.7000000000000001,-645.318700000001,-1.0,8635.97267416761
2025-10-21,1,2025-10-21 12:20:00,2025-10-21 14:02:30,21,4230.712,4167.25132,4167.25132,4313.384448198195,4313.384448198195,-1.916405764218979,sl,0.1,0.7000000000000001,-635.3068000000014,-1.0,8000.665874167607
2025-10-21,1,2025-10-21 14:10:00,2025-10-21 14:42:35,7,4172.6,4110.011,4110.011,4299.181352941174,4299.181352941174,-2.943719805041344,sl,0.1,0.7000000000000001,-626.5899999999995,-1.0,7374.075874167607
2025-10-21,1,2025-10-21 14:50:00,2025-10-21 23:59:55,98,4113.32,4093.199,4051.6202,4291.991288389511,4291.991288389511,-4.164518899957513,session_end,0.1,0.7000000000000001,-201.9099999999964,-0.326111267783683,7172.165874167611
2025-10-22,-1,2025-10-22 01:10:00,2025-10-22 08:04:00,83,4111.207,4118.419225694445,4172.875105,4066.894714285714,4066.894714285714,1.0911712456780374,tp,0.1,0.7000000000000001,-72.82225694444897,-0.11695228342827993,7099.343617223163
2025-10-22,1,2025-10-22 09:00:00,2025-10-22 19:03:25,121,4070.664,4082.8859137426894,4009.60404,4116.020830246914,4116.020830246914,-1.1013629939330027,tp,0.1,0.7000000000000001,121.51913742689139,0.20016249179804785,7220.862754650054
2025-10-23,-1,2025-10-23 06:15:00,2025-10-23 07:37:15,17,4129.964,4093.258976190478,4191.91346,4087.7605488888894,4087.7605488888894,1.0335231383010952,tp,0.1,0.7000000000000001,366.3502380952212,0.5924994957102487,7587.212992745275
2025-10-23,-1,2025-10-23 13:25:00,2025-10-23 20:00:05,80,4146.715,4114.664093055556,4208.915725,4103.003404761905,4103.003404761905,1.067196171157853,tp,0.1,0.7000000000000001,319.8090694444425,0.5152818868983345,7907.022062189719
2025-10-24,1,2025-10-24 08:05:00,2025-10-24 12:30:55,54,4065.603,4093.568835555554,4004.618955,4110.918056701033,4110.918056701033,-1.1021761094745037,tp,0.1,0.7000000000000001,278.95835555553896,0.4585762645877922,8185.980417745257
2025-10-27,1,2025-10-27 11:40:00,2025-10-27 23:59:55,136,4016.48,3998.538,3956.2327999999998,4065.368690476189,4065.368690476189,-1.2038315390886831,session_end,0.1,0.7000000000000001,-180.12000000000006,-0.2978063710844642,8005.860417745257
2025-10-29,-1,2025-10-29 08:55:00,2025-10-29 15:50:30,84,4015.485,3993.0721964912254,4075.7172749999995,3973.727194704051,3973.727194704051,1.050457247079795,tp,0.1,0.7000000000000001,223.42803508774688,0.37210620898471647,8229.288452833003
2025-10-29,1,2025-10-29 18:40:00,2025-10-29 23:59:55,52,3951.957,3952.868,3892.6776449999998,3992.954252976188,3992.954252976188,-1.0282049423828583,session_end,0.1,0.7000000000000001,8.410000000000583,0.015367913500409313,8237.698452833005
2025-10-30,-1,2025-10-30 09:15:00,2025-10-30 12:58:20,45,4005.01,3964.1954677419376,4065.08515,3956.207872372374,3956.207872372374,1.2328378386846095,tp,0.1,0.7000000000000001,407.4453225806263,0.6793912667394564,8645.143775413631
2025-10-30,-1,2025-10-30 14:10:00,2025-10-30 23:59:55,106,4009.65,4036.756,4069.7947499999996,3965.4438058823553,3965.4438058823553,1.1144198803697816,session_end,0.1,0.7000000000000001,-271.75999999999766,-0.4506794026078752,8373.383775413633
2025-11-04,1,2025-11-04 14:35:00,2025-11-04 23:59:55,101,3938.649,3934.828,3879.5692649999996,3987.941244761904,3987.941244761904,-1.2383518645559333,session_end,0.1,0.7000000000000001,-38.90999999999913,-0.06467530702363333,8334.473775413633
2025-11-10,-1,2025-11-10 13:05:00,2025-11-10 23:59:55,119,4104.891,4120.053,4166.464364999999,4063.5687144373655,4063.5687144373655,1.015284555569444,session_end,0.1,0.7000000000000001,-152.3200000000026,-0.24624283568066221,8182.153775413632
2025-11-12,-1,2025-11-12 15:20:00,2025-11-12 23:59:55,92,4167.152,4191.195,4229.65928,4125.280039855072,4125.280039855072,1.0142453297885263,session_end,0.1,0.7000000000000001,-241.12999999999664,-0.3846431967604372,7941.023775413634
2025-11-13,1,2025-11-13 18:35:00,2025-11-13 23:59:55,53,4165.908,4185.926,4103.41938,4212.374665919284,4212.374665919284,-1.1016628291575892,session_end,0.1,0.7000000000000001,199.4800000000003,0.3203463286595224,8140.503775413635
2025-11-14,1,2025-11-14 11:55:00,2025-11-14 13:22:55,18,4137.98,4075.9102999999996,4075.9102999999996,4182.954819347321,4182.954819347321,-1.076423755261757,sl,0.1,0.7000000000000001,-621.3970000000002,-1.0,7519.106775413635
2025-11-14,1,2025-11-14 13:30:00,2025-11-14 21:57:55,102,4055.815,4084.674,3994.977775,4174.495720164609,4174.495720164609,-2.842408475626139,session_end,0.1,0.7000000000000001,287.88999999999925,0.47436417423706984,7806.996775413634
2025-11-17,1,2025-11-17 19:40:00,2025-11-17 23:59:55,40,4031.764,4036.887,3971.2875400000003,4076.589653954803,4076.589653954803,-1.100899471480149,session_end,0.1,0.7000000000000001,50.53000000000047,0.08471064609271209,7857.526775413635
2025-11-18,-1,2025-11-18 14:05:00,2025-11-18 23:59:55,107,4074.296,4076.748,4135.41044,4029.5451824457614,4029.5451824457614,1.1100090836328749,session_end,0.1,0.7000000000000001,-25.220000000002255,-0.04012145083879084,7832.306775413633
2025-11-20,1,2025-11-20 02:20:00,2025-11-20 12:11:05,119,4050.804,4070.9807351598133,3990.04194,4095.14844047619,4095.14844047619,-1.082205959572899,tp,0.1,0.7000000000000001,201.06735159813235,0.33206140739489787,8033.374127011765
2025-11-21,-1,2025-11-21 17:00:00,2025-11-21 20:33:00,43,4099.853,4061.0472560975595,4161.350794999999,4056.276241830065,4056.276241830065,1.076412343904769,tp,0.1,0.7000000000000001,387.35743902440555,0.631010329759644,8420.731566036171
2025-11-24,-1,2025-11-24 18:40:00,2025-11-24 23:59:55,52,4111.691,4143.909,4173.366364999999,4067.940961309523,4067.940961309523,1.075004261526938,session_end,0.1,0.7000000000000001,-322.87999999999846,-0.522380370185086,8097.851566036172
2025-12-11,-1,2025-12-11 16:50:00,2025-12-11 23:59:55,74,4274.225,4276.621,4338.338375,4223.55512871287,4223.55512871287,1.1995906231386078,session_end,0.1,0.7000000000000001,-24.659999999997307,-0.037371297330701034,8073.191566036175
2025-12-12,-1,2025-12-12 10:45:00,2025-12-12 15:29:15,57,4327.986,4299.633741441441,4392.90579,4283.822567183463,4283.822567183463,1.0301297993663325,tp,0.1,0.7000000000000001,282.8225855855879,0.43672751496206047,8356.014151621763
2025-12-23,1,2025-12-23 15:05:00,2025-12-23 17:04:20,24,4434.303,4479.038805555557,4367.788455,4481.830940147332,4481.830940147332,-1.0602684657661294,tp,0.1,0.7000000000000001,446.6580555555691,0.6725717744225254,8802.672207177331
2025-12-29,1,2025-12-29 07:05:00,2025-12-29 14:06:50,85,4455.907,4389.068395,4389.068395,4507.517903921567,4507.517903921567,-1.1446965940318738,sl,0.1,0.7000000000000001,-669.0860499999992,-1.0,8133.586157177332
2025-12-29,1,2025-12-29 14:15:00,2025-12-29 15:07:00,11,4398.744,4332.762839999999,4332.762839999999,4483.77660331384,4483.77660331384,-1.8976213768312087,sl,0.1,0.7000000000000001,-660.5116000000028,-1.0,7473.07455717733
2025-12-29,1,2025-12-29 15:15:00,2025-12-29 23:59:55,93,4342.753,4345.707,4277.611704999999,4476.358463570126,4476.358463570126,-2.98432229360787,session_end,0.1,0.7000000000000001,28.84000000000633,0.045347578674949846,7501.914557177336
2025-12-31,1,2025-12-31 05:55:00,2025-12-31 09:44:00,46,4287.418,4336.725913793103,4223.1067299999995,4347.933279342722,4347.933279342722,-1.3936225661650896,tp,0.1,0.7000000000000001,492.3791379310358,0.7667072006679928,7994.293695108372
2026-01-02,1,2026-01-02 16:05:00,2026-01-02 21:57:55,71,4327.669,4331.821,4262.753965,4372.560795336789,4372.560795336789,-1.026476187241488,session_end,0.1,0.7000000000000001,40.820000000000434,0.06396052932883799,8035.113695108372
2026-01-16,1,2026-01-16 15:35:00,2026-01-16 21:19:15,69,4544.66,4598.318826797386,4476.4901,4603.001063279856,4603.001063279856,-1.2667944777381182,tp,0.1,0.7000000000000001,535.888267973857,0.7871337173354487,8571.00196308223
2026-01-20,-1,2026-01-20 18:05:00,2026-01-20 23:59:55,59,4761.137,4775.977,4832.554055,4713.359598310291,4713.359598310291,1.0149427535055546,session_end,0.1,0.7000000000000001,-149.10000000000144,-0.2077935025464179,8421.901963082228
2026-01-21,-1,2026-01-21 06:30:00,2026-01-21 07:04:20,7,4883.981,4837.103333333333,4957.240714999999,4834.917025641024,4834.917025641024,1.015911423060324,tp,0.1,0.7000000000000001,468.0766666666721,0.6398832791892202,8889.978629748899
2026-01-21,1,2026-01-21 19:40:00,2026-01-21 23:59:55,40,4773.786,4778.432,4702.17921,4846.13563559322,4846.13563559322,-1.49280047099559,session_end,0.1,0.7000000000000001,45.759999999997305,0.0648821152295717,8935.738629748897
2026-01-22,-1,2026-01-22 15:35:00,2026-01-22 21:35:05,73,4863.668,4936.623019999999,4936.623019999999,4815.392810160427,4815.392810160427,1.000244252928734,sl,0.1,0.7000000000000001,-730.2501999999943,-1.0,8205.488429748902
2026-01-22,-1,2026-01-22 21:45:00,2026-01-22 23:59:55,15,4939.054,4959.071,5013.13981,4840.520439974457,4840.520439974457,2.036559110698923,session_end,0.1,0.7000000000000001,-200.86999999999824,-0.27018669297129827,8004.618429748904
2026-01-26,1,2026-01-26 19:25:00,2026-01-26 23:59:55,43,5022.017,5043.691,4946.686745,5079.757793276111,5079.757793276111,-1.1375993822501322,session_end,0.1,0.7000000000000001,216.0399999999998,0.2877197216443781,8220.658429748904
2026-01-27,-1,2026-01-27 20:15:00,2026-01-27 23:59:55,31,5141.892,5172.532,5219.020379999999,5078.2787263374485,5078.2787263374485,1.2511675133746765,session_end,0.1,0.7000000000000001,-307.10000000000326,-0.39725973759594907,7913.5584297489
2026-01-28,-1,2026-01-28 07:20:00,2026-01-28 11:04:55,45,5280.22,5246.281164141412,5359.4232999999995,5227.749242424242,5227.749242424242,1.003457800730938,tp,0.1,0.7000000000000001,338.6883585858839,0.42850280049680667,8252.246788334785
2026-01-28,-1,2026-01-28 18:20:00,2026-01-28 20:42:50,29,5310.548,5390.206219999999,5390.206219999999,5257.853481818179,5257.853481818179,1.0019111099993017,sl,0.1,0.7000000000000001,-797.2821999999935,-1.0,7454.964588334791
2026-01-28,-1,2026-01-28 20:50:00,2026-01-28 23:13:50,17,5388.693,5469.523394999999,5469.523394999999,5264.493552,5264.493552,2.360131070020928,sl,0.1,0.7000000000000001,-809.0039499999905,-1.0,6645.960638334801
2026-01-29,-1,2026-01-29 06:10:00,2026-01-29 07:28:55,16,5586.882,5537.457552434457,5670.685229999999,5530.000103603604,5530.000103603604,1.0282892464927889,tp,0.1,0.7000000000000001,493.54447565542324,0.5897678116409427,7139.505113990224
2026-01-29,1,2026-01-29 15:05:00,2026-01-29 15:14:40,2,5458.074,5376.20289,5376.20289,5528.631848066298,5528.631848066298,-1.2752404212075934,sl,0.1,0.7000000000000001,-819.4111000000005,-1.0,6320.094013990224
2026-01-29,1,2026-01-29 15:20:00,2026-01-29 15:26:35,2,5332.543,5252.554854999999,5252.554854999999,5526.305021739129,5526.305021739129,-3.524787737428007,sl,0.1,0.7000000000000001,-800.5814500000026,-1.0,5519.512563990222
2026-01-29,1,2026-01-29 15:35:00,2026-01-29 23:59:55,89,5162.944,5438.65,5085.49984,5521.617778074866,5521.617778074866,-6.498064380688853,session_end,0.1,0.7000000000000001,2756.3599999999924,3.560061856181269,8275.872563990215
2026-01-30,1,2026-01-30 01:10:00,2026-01-30 02:00:25,11,5367.043,5286.5373549999995,5286.5373549999995,5421.566857142857,5421.566857142857,-1.0025580902178848,sl,0.1,0.7000000000000001,-805.7564500000019,-1.0,7470.116113990212
2026-01-30,1,2026-01-30 02:10:00,2026-01-30 02:15:15,2,5273.764,5194.65754,5194.65754,5380.456820512821,5380.456820512821,-1.983833790950254,sl,0.1,0.7000000000000001,-791.7645999999997,-1.0,6678.351513990213
2026-01-30,1,2026-01-30 02:25:00,2026-01-30 08:34:00,74,5163.173,5085.725405,5085.725405,5359.965166666667,5359.965166666667,-3.6713236102809264,sl,0.1,0.7000000000000001,-775.1759499999964,-1.0,5903.175563990217
2026-01-30,1,2026-01-30 08:40:00,2026-01-30 09:14:25,7,5092.351,5015.965735,5015.965735,5235.051743589743,5235.051743589743,-2.7251735145585436,sl,0.1,0.7000000000000001,-764.552649999999,-1.0,5138.622913990218
2026-01-30,1,2026-01-30 09:20:00,2026-01-30 09:44:10,5,5068.891,4992.857634999999,4992.857634999999,5224.754119047618,5224.754119047618,-2.9826019655069103,sl,0.1,0.7000000000000001,-761.0336500000024,-1.0,4377.589263990216
2026-01-30,1,2026-01-30 09:50:00,2026-01-30 17:13:45,89,4982.14,4907.4079,4907.4079,5214.602415254236,5214.602415254236,-4.458900156492563,sl,0.1,0.7000000000000001,-748.0210000000018,-1.0,3629.5682639902143
2026-01-30,1,2026-01-30 17:20:00,2026-01-30 17:53:25,7,4904.82,4831.2477,4831.2477,5146.250092948716,5146.250092948716,-4.686744495359671,sl,0.1,0.7000000000000001,-736.4229999999982,-1.0,2893.1452639902163
2026-01-30,1,2026-01-30 18:00:00,2026-01-30 18:18:10,4,4849.984,4777.234240000001,4777.234240000001,5136.410018518517,5136.410018518517,-5.5760641671111255,sl,0.1,0.7000000000000001,-728.197599999997,-1.0,2164.9476639902196
2026-01-30,1,2026-01-30 18:25:00,2026-01-30 21:57:55,43,4717.492,4891.558,4646.72962,5128.905168174962,5128.905168174962,-8.02342126987293,session_end,0.1,0.7000000000000001,1739.959999999998,2.459866386630855,3904.9076639902178
2026-02-02,1,2026-02-02 01:00:00,2026-02-02 01:08:05,2,4766.976,4695.47136,4695.47136,4817.564111111111,4817.564111111111,-1.0484263404947456,sl,0.1,0.7000000000000001,-715.7464000000011,-1.0,3189.161263990217
2026-02-02,1,2026-02-02 01:15:00,2026-02-02 02:32:00,16,4643.657,4753.412733333333,4574.002145,4792.548788888888,4792.548788888888,-3.1099795840251296,tp,0.1,0.7000000000000001,1096.857333333325,1.5757083025057315,4286.018597323542
2026-02-02,1,2026-02-02 03:15:00,2026-02-02 04:01:50,10,4692.536,4622.14796,4622.14796,4748.435688034188,4748.435688034188,-1.1739063492984754,sl,0.1,0.7000000000000001,-704.5803999999982,-1.0,3581.438197323544
2026-02-02,1,2026-02-02 04:10:00,2026-02-02 05:44:15,19,4655.306,4585.476409999999,4585.476409999999,4731.476153333334,4731.476153333334,-1.6074191408478926,sl,0.1,0.7000000000000001,-698.9959000000028,-1.0,2882.4422973235414
2026-02-02,1,2026-02-02 05:50:00,2026-02-02 06:21:45,7,4553.593,4485.289105,4485.289105,4711.348885714286,4711.348885714286,-3.3421720516546545,sl,0.1,0.7000000000000001,-683.7389500000002,-1.0,2198.7033473235415
2026-02-02,1,2026-02-02 06:30:00,2026-02-02 06:38:00,2,4486.771,4419.469435,4419.469435,4692.382705128205,4692.382705128205,-4.382831027474475,sl,0.1,0.7000000000000001,-673.7156499999976,-1.0,1524.9876973235441
2026-02-02,1,2026-02-02 06:45:00,2026-02-02 09:12:00,30,4453.042,4656.9289333333345,4386.246370000001,4683.327545267491,4683.327545267491,-4.919345124606946,tp,0.1,0.7000000000000001,2038.1693333333412,3.052399286200838,3563.1570306568856
2026-02-02,-1,2026-02-02 09:50:00,2026-02-02 10:37:40,10,4717.151,4661.688712598427,4787.908264999999,4658.138251412431,4658.138251412431,1.2667345922950632,tp,0.1,0.7000000000000001,553.9228740157312,0.7838387676738733,4117.079904672617
2026-02-02,-1,2026-02-02 11:05:00,2026-02-02 12:23:20,16,4714.388,4785.103819999999,4785.103819999999,4662.918389724313,4662.918389724313,1.103345715615859,sl,0.1,0.7000000000000001,-707.8581999999944,-1.0,3409.2217046726228
2026-02-02,-1,2026-02-02 12:30:00,2026-02-02 13:40:45,15,4778.002,4681.675985772362,4849.67203,4674.014893333336,4674.014893333336,2.223005468272348,tp,0.1,0.7000000000000001,962.5601422763855,1.344020844244651,4371.7818469490085
2026-02-02,-1,2026-02-02 14:35:00,2026-02-02 15:24:20,10,4759.979,4685.918217391309,4831.378685,4683.4753800000035,4683.4753800000035,1.6318890097378285,tp,0.1,0.7000000000000001,739.9078260869162,1.0372704390599516,5111.689673035925
2026-02-02,1,2026-02-02 16:00:00,2026-02-02 16:11:05,3,4620.151,4684.935902061859,4550.848735,4685.326107638893,4685.326107638893,-1.3930643489783612,tp,0.1,0.7000000000000001,647.1490206185961,0.9348165180728129,5758.838693654521
2026-02-02,1,2026-02-02 18:15:00,2026-02-02 19:40:30,18,4636.092,4681.241053672319,4566.55062,4683.748289954341,4683.748289954341,-1.0194567896988047,tp,0.1,0.7000000000000001,450.790536723195,0.6492401167811124,6209.629230377716
2026-02-03,1,2026-02-03 02:45:00,2026-02-03 03:38:45,11,4755.513,4801.347678294574,4684.180305,4810.202005050505,4810.202005050505,-1.1367195180804432,tp,0.1,0.7000000000000001,457.6467829457368,0.6425479689863622,6667.276013323453
2026-02-03,-1,2026-02-03 06:20:00,2026-02-03 07:39:55,16,4857.149,4930.006235,4930.006235,4808.809745614034,4808.809745614034,1.0077078726219904,sl,0.1,0.7000000000000001,-729.272349999995,-1.0,5938.003663323459
2026-02-03,-1,2026-02-03 07:45:00,2026-02-03 19:06:20,137,4921.563,4883.731772197962,4995.386444999999,4823.166550179212,4823.166550179212,2.0425367607744733,tp,0.1,0.7000000000000001,377.61227802038485,0.5124554645484094,6315.615941343844
2026-02-03,-1,2026-02-03 19:40:00,2026-02-03 23:59:55,40,4939.28,4947.533,5013.369199999999,4884.747927966102,4884.747927966102,1.1155861640661564,session_end,0.1,0.7000000000000001,-83.23000000000611,-0.11139275359972403,6232.385941343838
2026-02-04,-1,2026-02-04 01:15:00,2026-02-04 09:23:10,98,5051.021,5057.017556547619,5126.786314999999,4994.216566666667,4994.216566666667,1.1427604824799504,tp,0.1,0.7000000000000001,-60.66556547619548,-0.07914646098441716,6171.720375867642
2026-02-04,1,2026-02-04 14:40:00,2026-02-04 15:36:00,12,4982.321,4907.586185,4907.586185,5052.970051136365,5052.970051136365,-1.3971100248355748,sl,0.1,0.7000000000000001,-748.048149999998,-1.0,5423.672225867645
2026-02-04,1,2026-02-04 15:45:00,2026-02-04 16:48:35,13,4944.445,4870.278324999999,4870.278324999999,5047.413274250443,5047.413274250443,-2.042328786040437,sl,0.1,0.7000000000000001,-742.366750000004,-1.0,4681.305475867641
2026-02-04,1,2026-02-04 16:55:00,2026-02-04 23:16:30,65,4902.258,5013.015637328339,4828.72413,5038.27889901478,5038.27889901478,-2.7019623514966518,tp,0.1,0.7000000000000001,1106.876373283391,1.5062125429865014,5788.181849151032
2026-02-05,1,2026-02-05 01:20:00,2026-02-05 02:47:00,18,4944.996,4870.82106,4870.82106,5005.172270833334,5005.172270833334,-1.2059878774818704,sl,0.1,0.7000000000000001,-742.4493999999988,-1.0,5045.7324491510335
2026-02-05,1,2026-02-05 02:55:00,2026-02-05 06:09:25,39,4845.742,4915.386700913242,4773.05587,4967.150242857144,4967.150242857144,-2.441958405256012,tp,0.1,0.7000000000000001,695.7470091324165,0.9581566787672091,5741.47945828345
2026-02-05,1,2026-02-05 09:15:00,2026-02-05 16:50:00,92,4863.121,4887.228001650167,4790.174185,4915.976998498499,4915.976998498499,-1.0747710681851577,tp,0.1,0.7000000000000001,240.3700165016715,0.33047366975743997,5981.849474785122
2026-02-05,1,2026-02-05 19:40:00,2026-02-05 21:40:20,25,4833.062,4760.56607,4760.56607,4884.121785310736,4884.121785310736,-1.0468880089050332,sl,0.1,0.7000000000000001,-725.6593000000005,-1.0,5256.190174785122
2026-02-05,1,2026-02-05 21:50:00,2026-02-05 23:59:55,14,4770.744,4703.829,4699.1828399999995,4876.915507633588,4876.915507633588,-2.176047697924608,session_end,0.1,0.7000000000000001,-669.8499999999997,-0.9350742777227169,4586.340174785122
2026-02-06,-1,2026-02-06 00:45:00,2026-02-06 01:01:55,4,4758.303,4719.204347222222,4829.677545,4708.413037037037,4708.413037037037,1.0585618247783992,tp,0.1,0.7000000000000001,390.28652777777717,0.5477954749522802,4976.6267025628995
2026-02-06,-1,2026-02-06 02:10:00,2026-02-06 05:40:05,43,4790.137,4861.989054999999,4861.989054999999,4733.254506410257,4733.254506410257,1.2006114083403132,sl,0.1,0.7000000000000001,-719.2205499999939,-1.0,4257.406152562906
2026-02-06,-1,2026-02-06 05:50:00,2026-02-06 14:37:35,106,4872.884,4945.97726,4945.97726,4789.898745238095,4789.898745238095,1.736106735963409,sl,0.1,0.7000000000000001,-731.6325999999965,-1.0,3525.7735525629096
2026-02-06,-1,2026-02-06 14:45:00,2026-02-06 21:57:55,87,4932.693,4968.557,5006.683395,4843.280638418077,4843.280638418077,1.8435822379082119,session_end,0.1,0.7000000000000001,-359.33999999999577,-0.4847115628994773,3166.433552562914
2026-02-09,-1,2026-02-09 16:25:00,2026-02-09 23:10:00,70,5074.282,5031.41428446115,5150.396229999999,5018.897987309644,5018.897987309644,1.1058505837475037,tp,0.1,0.7000000000000001,427.9771553885046,0.5632023806698288,3594.4107079514188
2026-02-11,-1,2026-02-11 11:30:00,2026-02-11 12:41:20,15,5107.359,5060.104131578947,5183.969385,5055.8452971014485,5055.8452971014485,1.02127735055804,tp,0.1,0.7000000000000001,471.8486842105329,0.6168206623821734,4066.259392161952
2026-02-12,1,2026-02-12 16:15:00,2026-02-12 23:59:55,81,4951.13,4920.224,4876.86305,5063.400505128205,5063.400505128205,-2.2207803829525026,session_end,0.1,0.7000000000000001,-309.7599999999995,-0.4161474249312766,3756.4993921619525
2026-02-13,-1,2026-02-13 16:30:00,2026-02-13 21:57:55,66,5027.777,5042.883,5103.193654999999,4973.370584175085,4973.370584175085,1.0997755928133168,session_end,0.1,0.7000000000000001,-151.75999999999766,-0.20030058347191282,3604.739392161955
2026-02-17,1,2026-02-17 05:20:00,2026-02-17 10:11:45,59,4901.236,4936.060185792349,4827.71746,4958.510651041666,4958.510651041666,-1.1548457807514672,tp,0.1,0.7000000000000001,347.54185792349455,0.4736789630527135,3952.2812500854498
2026-02-17,1,2026-02-17 14:00:00,2026-02-17 23:59:55,108,4870.951,4859.622,4797.886735,4933.320341269839,4933.320341269839,-1.2704393174213853,session_end,0.1,0.7000000000000001,-113.98999999999724,-0.15505527907520492,3838.2912500854527
2026-02-18,-1,2026-02-18 14:35:00,2026-02-18 23:59:55,101,4970.106,4976.432,5044.657589999999,4920.624486666668,4920.624486666668,1.007087890319819,session_end,0.1,0.7000000000000001,-63.96000000000022,-0.08485399171231756,3774.3312500854527
2026-02-20,-1,2026-02-20 17:10:00,2026-02-20 21:57:55,58,5070.938,5106.037,5147.00207,5019.639619741101,5019.639619741101,1.0216247408921362,session_end,0.1,0.7000000000000001,-351.6900000000016,-0.46143994135470817,3422.6412500854512
2026-02-23,-1,2026-02-23 16:20:00,2026-02-23 23:59:55,80,5214.851,5236.238,5293.073764999999,5157.414948979592,5157.414948979592,1.1164614751776107,session_end,0.1,0.7000000000000001,-214.57000000000625,-0.27341145509239867,3208.071250085445
2026-02-24,1,2026-02-24 01:20:00,2026-02-24 05:57:40,56,5160.629,5185.098340375587,5083.219564999999,5220.5675624999985,5220.5675624999985,-1.1494930729574033,tp,0.1,0.7000000000000001,243.9934037558731,0.3161028158335887,3452.0646538413184
2026-02-24,1,2026-02-24 14:00:00,2026-02-24 18:04:20,49,5115.307,5168.053762345683,5038.577394999999,5175.817333333334,5175.817333333334,-1.168855649980461,tp,0.1,0.7000000000000001,526.7676234568323,0.6874369071192655,3978.832277298151
2026-02-27,-1,2026-02-27 16:05:00,2026-02-27 21:57:55,71,5243.915,5279.513,5322.573724999999,5191.417446459413,5191.417446459413,1.0183741547627407,session_end,0.1,0.7000000000000001,-356.67999999999955,-0.4525626368848499,3622.1522772981516
2026-03-02,-1,2026-03-02 07:20:00,2026-03-02 14:05:00,82,5417.315,5375.575872781066,5498.5747249999995,5356.430450757577,5356.430450757577,1.1354959203068,tp,0.1,0.7000000000000001,416.6912721893339,0.5136508549460812,4038.8435494874857
2026-03-02,1,2026-03-02 14:35:00,2026-03-02 23:59:55,101,5317.152,5345.778,5237.39472,5374.826936190477,5374.826936190477,-1.0730101057235675,session_end,0.1,0.7000000000000001,285.56000000000205,0.35891394490885686,4324.403549487488
2026-03-03,1,2026-03-03 06:15:00,2026-03-03 11:07:50,59,5289.83,5210.48255,5210.48255,5357.117788888887,5357.117788888887,-1.2589846172278227,sl,0.1,0.7000000000000001,-794.1745000000021,-1.0,3530.229049487486
2026-03-03,1,2026-03-03 11:15:00,2026-03-03 11:29:45,3,5199.198,5121.21003,5121.21003,5328.19514691358,5328.19514691358,-2.419968551419716,sl,0.1,0.7000000000000001,-780.5797000000014,-1.0,2749.649349487485
2026-03-03,1,2026-03-03 11:35:00,2026-03-03 14:50:20,40,5117.47,5040.70795,5040.70795,5323.389348920863,5323.389348920863,-3.867382891364078,sl,0.1,0.7000000000000001,-768.3205000000028,-1.0,1981.3288494874823
2026-03-03,1,2026-03-03 15:00:00,2026-03-03 23:59:55,96,5038.722,5125.146,4963.14117,5285.176727777778,5285.176727777778,-4.666811357157489,session_end,0.1,0.7000000000000001,863.5399999999997,1.1434645531148588,2844.8688494874823
2026-03-05,1,2026-03-05 13:25:00,2026-03-05 23:59:55,114,5104.479,5086.434,5027.911815,5166.885789855071,5166.885789855071,-1.201561102375615,session_end,0.1,0.7000000000000001,-181.15000000000072,-0.2356753745093293,2663.7188494874817
2026-03-06,-1,2026-03-06 15:25:00,2026-03-06 21:57:55,79,5165.93,5174.558,5243.41895,5107.719815315314,5107.719815315314,1.1393867868434109,session_end,0.1,0.7000000000000001,-86.97999999999702,-0.1113449078868627,2576.738849487485
2026-03-09,-1,2026-03-09 05:50:00,2026-03-09 08:32:10,33,5136.752,5089.427385620915,5213.80328,5080.5232380952375,5080.5232380952375,1.109103516784377,tp,0.1,0.7000000000000001,472.5461437908569,0.6141963427354599,3049.284993278342
2026-03-09,-1,2026-03-09 23:00:00,2026-03-09 23:59:55,12,5152.964,5139.878,5230.258459999999,5099.758190656564,5099.758190656564,1.043565348665767,session_end,0.1,0.7000000000000001,130.1600000000024,0.16930061999269264,3179.4449932783446
2026-03-10,-1,2026-03-10 15:35:00,2026-03-10 18:18:35,33,5233.486,5185.0033173515985,5311.988289999999,5177.436592691623,5177.436592691623,1.0848014515070759,tp,0.1,0.7000000000000001,484.1268264840135,0.617595775211165,3663.5718197623582
2026-03-12,1,2026-03-12 18:00:00,2026-03-12 23:59:55,60,5105.61,5098.332,5029.02585,5158.20813734568,5158.20813734568,-1.0195136750092604,session_end,0.1,0.7000000000000001,-73.47999999999338,-0.09503271891115025,3590.091819762365
2026-03-13,1,2026-03-13 15:00:00,2026-03-13 20:57:55,72,5042.125,5021.194,4966.493125,5100.87833148148,5100.87833148148,-1.154935045556545,session_end,0.1,0.7000000000000001,-210.00999999999584,-0.2767483947740232,3380.0818197623694
2026-03-18,1,2026-03-18 11:45:00,2026-03-18 13:00:25,16,4939.352,4865.2617199999995,4865.2617199999995,4994.322405437351,4994.322405437351,-1.100167369602152,sl,0.1,0.7000000000000001,-741.6028000000035,-1.0,2638.479019762366
2026-03-18,1,2026-03-18 13:10:00,2026-03-18 23:59:55,118,4861.793,4836.898,4788.866104999999,4984.133499999998,4984.133499999998,-2.4528837359592863,session_end,0.1,0.7000000000000001,-249.64999999999526,-0.3413692575283694,2388.829019762371
2026-03-19,1,2026-03-19 06:40:00,2026-03-19 08:05:40,18,4796.433,4724.486505,4724.486505,4846.7083625,4846.7083625,-1.0439427899454017,sl,0.1,0.7000000000000001,-720.1649500000015,-1.0,1668.6640697623698
2026-03-19,1,2026-03-19 08:15:00,2026-03-19 12:01:45,46,4714.596,4643.87706,4643.87706,4829.635590909092,4829.635590909092,-2.384715963371737,sl,0.1,0.7000000000000001,-707.8893999999975,-1.0,960.7746697623716
2026-03-19,1,2026-03-19 12:10:00,2026-03-19 12:44:50,7,4629.427,4559.985594999999,4559.985594999999,4785.960038812784,4785.960038812784,-3.269804543783936,sl,0.1,0.7000000000000001,-695.1140500000049,-1.0,265.66061976236597
2026-03-19,1,2026-03-19 12:50:00,2026-03-19 23:59:55,122,4557.608,4643.815,4489.24388,4776.2965497835485,4776.2965497835485,-4.581605172598949,session_end,0.1,0.7000000000000001,861.3699999999942,1.2609977280479758,1127.0306197623595
2026-03-20,-1,2026-03-20 03:20:00,2026-03-20 05:54:55,31,4733.018,4694.640995238097,4804.0132699999995,4674.670300000003,4674.670300000003,1.2456108401911636,tp,0.1,0.7000000000000001,383.07004761902755,0.5405572055983878,1510.1006673813863
2026-03-20,1,2026-03-20 13:55:00,2026-03-20 14:28:40,7,4622.253,4552.919204999999,4552.919204999999,4684.799629740519,4684.799629740519,-1.3349584759931925,sl,0.1,0.7000000000000001,-694.0379500000047,-1.0,816.0627173813809
2026-03-20,1,2026-03-20 14:35:00,2026-03-20 18:48:35,51,4580.741,4512.029885,4512.029885,4680.469263809524,4680.469263809524,-2.1307001112182093,sl,0.1,0.7000000000000001,-687.8111500000007,-1.0,128.25156738137957
2026-03-20,1,2026-03-20 18:55:00,2026-03-20 20:57:55,25,4502.876,4497.578,4435.33286,4654.582153450808,4654.582153450808,-3.2615098078838125,session_end,0.1,0.7000000000000001,-53.67999999999775,-0.07843875780722946,74.5715673813811
2026-03-23,1,2026-03-23 00:40:00,2026-03-23 01:06:10,6,4349.899,4396.45008974359,4284.650515,4423.849375,4423.849375,-1.6748733674956908,tp,0.1,0.7000000000000001,464.8108974358973,0.7134432277406851,539.3824648172777
2026-03-23,1,2026-03-23 03:15:00,2026-03-23 06:05:05,35,4349.631,4284.386535000001,4284.386535000001,4398.764790598289,4398.764790598289,-1.119320830782414,sl,0.1,0.7000000000000001,-653.1446499999977,-1.0,-113.76218518272071
2026-03-23,1,2026-03-23 06:15:00,2026-03-23 06:31:10,4,4294.701,4230.280485,4230.280485,4374.969971111111,4374.969971111111,-1.8348347906654003,sl,0.1,0.7000000000000001,-644.905149999998,-1.0,-758.6673351827194
2026-03-23,1,2026-03-23 06:40:00,2026-03-23 06:47:25,2,4234.019,4170.508715,4170.508715,4367.6779916666665,4367.6779916666665,-3.055479179584426,sl,0.1,0.7000000000000001,-635.802850000003,-1.0,-1394.470185182723
2026-03-23,1,2026-03-23 06:55:00,2026-03-23 07:08:10,3,4212.656,4149.46616,4149.46616,4361.7493433734935,4361.7493433734935,-3.4215593704444123,sl,0.1,0.7000000000000001,-632.5984000000001,-1.0,-2027.0685851827238
2026-03-23,1,2026-03-23 07:15:00,2026-03-23 11:05:30,47,4130.844,4313.442294486216,4068.88134,4353.310703065134,4353.310703065134,-5.112665239088578,tp,0.1,0.7000000000000001,1825.2829448621621,2.9469085814943354,-201.78564032056238
2026-03-23,-1,2026-03-23 11:15:00,2026-03-23 22:06:10,119,4456.536,4363.68250922266,4523.38404,4314.791025925926,4314.791025925926,3.287887483348758,tp,0.1,0.7000000000000001,927.8349077734008,1.3890233846398532,726.0492674528377
2026-03-23,-1,2026-03-23 22:30:00,2026-03-23 23:59:55,18,4414.31,4441.507,4480.52465,4364.310900516794,4364.310900516794,1.1473197172382068,session_end,0.1,0.7000000000000001,-272.66999999999206,-0.4107399193380808,453.37926745284494
2026-03-24,1,2026-03-24 00:40:00,2026-03-24 02:30:35,23,4349.686,4358.741105555556,4284.44071,4403.1616875,4403.1616875,-1.217334072745208,tp,0.1,0.7000000000000001,89.8510555555611,0.13878558215552622,543.2303230084053
2026-03-24,-1,2026-03-24 07:00:00,2026-03-24 11:01:40,49,4402.374,4377.5022260101005,4468.40961,4356.360212301586,4356.360212301586,1.049736143702714,tp,0.1,0.7000000000000001,248.0177398989934,0.3766418450575284,791.248062907398
2026-03-24,-1,2026-03-24 11:35:00,2026-03-24 12:33:35,12,4427.688,4381.9072633333335,4494.103319999999,4379.354460431654,4379.354460431654,1.106556685607266,tp,0.1,0.7000000000000001,457.107366666666,0.6893098861327053,1248.3554295740632
2026-03-24,-1,2026-03-24 15:50:00,2026-03-24 17:32:10,21,4429.047,4386.972858730159,4495.482704999999,4384.231938596491,4384.231938596491,1.0250726246453257,tp,0.1,0.7000000000000001,420.04141269840767,0.6333061607435466,1668.3968422724702
2026-03-24,-1,2026-03-24 20:25:00,2026-03-24 23:37:00,27,4463.472,4530.424079999999,4530.424079999999,4388.782615646259,4388.782615646259,1.704524714599604,sl,0.1,0.7000000000000001,-670.2207999999912,-1.0,998.1760422724783
2026-03-25,1,2026-03-25 19:10:00,2026-03-25 23:59:55,46,4503.856,4498.201,4436.298159999999,4561.455564492755,4561.455564492755,-1.2629973848964007,session_end,0.1,0.7000000000000001,-57.249999999997456,-0.08370605099274506,940.9260422724801
2026-03-26,1,2026-03-26 05:50:00,2026-03-26 14:34:25,105,4473.389,4471.923954022989,4406.288165,4519.175933333333,4519.175933333333,-1.013136775570546,tp,0.1,0.7000000000000001,-15.350459770109591,-0.021833498450666896,925.5755825023698
2026-03-26,1,2026-03-26 16:25:00,2026-03-26 23:59:55,79,4401.206,4405.01,4335.18791,4469.241418781727,4469.241418781727,-1.525022087535958,session_end,0.1,0.7000000000000001,37.34000000000087,0.05762057036185172,962.91558250237
2026-03-27,-1,2026-03-27 05:40:00,2026-03-27 08:26:35,34,4473.965,4434.243493399341,4541.074474999999,4423.659039215687,4423.659039215687,1.1415766978565847,tp,0.1,0.7000000000000001,396.5150660065927,0.5918911837808251,1359.430648508962
2026-03-27,-1,2026-03-27 14:55:00,2026-03-27 20:57:55,73,4489.358,4495.682,4556.69837,4433.0850921787705,4433.0850921787705,1.2691479331288338,session_end,0.1,0.7000000000000001,-63.93999999999615,-0.09391097791710418,1295.490648508965
2026-03-30,-1,2026-03-30 03:10:00,2026-03-30 11:50:30,105,4506.308,4573.90262,4573.90262,4461.102000000001,4461.102000000001,1.0127206237382393,sl,0.1,0.7000000000000001,-676.6461999999985,-1.0,618.8444485089658
2026-03-30,-1,2026-03-30 12:00:00,2026-03-30 14:21:30,29,4559.543,4515.306994186046,4627.936145,4507.3857662037035,4507.3857662037035,1.1568731078505998,tp,0.1,0.7000000000000001,441.66005813953853,0.6467900520432838,1060.5045066485036
2026-03-31,-1,2026-03-31 01:25:00,2026-03-31 03:22:50,24,4585.516,4562.313350000001,4654.298739999999,4530.617931372549,4530.617931372549,1.2024533839017977,tp,0.1,0.7000000000000001,231.32649999998358,0.3373324470644594,1291.8310066484864
2026-03-31,-1,2026-03-31 14:05:00,2026-03-31 19:40:25,68,4614.118,4683.32977,4683.32977,4565.469653846154,4565.469653846154,1.0656920282638955,sl,0.1,0.7000000000000001,-692.8176999999989,-1.0,599.0133066484868
2026-03-31,-1,2026-03-31 19:50:00,2026-03-31 23:59:55,38,4683.198,4696.63,4753.44597,4587.060777310924,4587.060777310924,2.0955188377823517,session_end,0.1,0.7000000000000001,-135.01999999999788,-0.19120837228463536,463.9933066484882
2026-04-01,-1,2026-04-01 11:40:00,2026-04-01 23:59:55,133,4756.804,4784.359,4828.156059999999,4706.575997619046,4706.575997619046,1.0689406142895779,session_end,0.1,0.7000000000000001,-276.2500000000029,-0.38618366449406755,187.74330664848458
2026-04-02,1,2026-04-02 01:20:00,2026-04-02 01:32:15,3,4727.917,4656.998245000001,4656.998245000001,4778.442625,4778.442625,-1.0639266595777201,sl,0.1,0.7000000000000001,-709.887549999997,-1.0,-522.1442433515131
2026-04-02,1,2026-04-02 01:40:00,2026-04-02 05:45:30,50,4697.658,4627.193130000001,4627.193130000001,4762.1181,4762.1181,-1.3575597799643073,sl,0.1,0.7000000000000001,-705.348699999998,-1.0,-1227.4929433515117
2026-04-02,1,2026-04-02 05:55:00,2026-04-02 13:58:30,97,4604.311,4651.45155788423,4535.246335,4699.707330985913,4699.707330985913,-2.0323144455439293,tp,0.1,0.7000000000000001,470.70557884230476,0.6825568166330866,-756.7873645092077
2026-04-06,-1,2026-04-06 08:05:00,2026-04-06 12:23:20,52,4693.314,4661.6975382882865,4763.71371,4645.856661512027,4645.856661512027,1.024285550654178,tp,0.1,0.7000000000000001,315.46461711713783,0.44909931747892035,-441.3227473920706
2026-04-07,-1,2026-04-07 19:50:00,2026-04-07 22:39:45,22,4706.209,4776.802134999999,4776.802134999999,4656.297523809522,4656.297523809522,1.0748663704275079,sl,0.1,0.7000000000000001,-706.6313499999917,-1.0,-1147.954097392063
2026-04-07,-1,2026-04-07 22:45:00,2026-04-07 23:59:55,15,4769.809,4833.394,4841.356135,4662.104939335887,4662.104939335887,2.321281096678375,session_end,0.1,0.7000000000000001,-636.5500000000004,-0.8887148311389438,-1784.504097392064
2026-04-08,1,2026-04-08 14:35:00,2026-04-08 23:59:55,101,4754.504,4715.618,4683.1864399999995,4803.4110561904745,4803.4110561904745,-1.020702905017642,session_end,0.1,0.7000000000000001,-389.5599999999951,-0.5452514079281356,-2174.06409739206
2026-04-09,-1,2026-04-09 13:45:00,2026-04-09 23:59:55,111,4775.738,4763.786,4847.37407,4726.359550505051,4726.359550505051,1.0446507289034652,session_end,0.1,0.7000000000000001,118.82000000000225,0.166843323482155,-2055.2440973920584
2026-04-14,-1,2026-04-14 17:10:00,2026-04-14 23:59:55,70,4829.192,4837.137,4901.6298799999995,4780.187610032361,4780.187610032361,1.0280745020237159,session_end,0.1,0.7000000000000001,-80.14999999999709,-0.10968018390377747,-2135.394097392056
2026-04-17,-1,2026-04-17 12:55:00,2026-04-17 20:57:55,97,4843.507,4833.259,4916.159604999999,4793.12022473118,4793.12022473118,1.0433761917921387,session_end,0.1,0.7000000000000001,101.77999999999592,0.1410548183372047,-2033.614097392061
2026-04-21,1,2026-04-21 14:50:00,2026-04-21 23:59:55,98,4728.014,4737.92,4657.09379,4791.403765917602,4791.403765917602,-1.325191301331342,session_end,0.1,0.7000000000000001,98.35999999999949,0.13967809739987963,-1935.2540973920622
2026-04-28,1,2026-04-28 05:45:00,2026-04-28 11:50:40,74,4625.157,4555.7796450000005,4555.7796450000005,4675.500814009662,4675.500814009662,-1.0789713448129734,sl,0.1,0.7000000000000001,-694.4735499999963,-1.0,-2629.727647392059
2026-04-28,1,2026-04-28 12:00:00,2026-04-28 23:59:55,132,4562.891,4595.875,4494.4476349999995,4645.353618055557,4645.353618055557,-1.781287817012149,session_end,0.1,0.7000000000000001,329.1400000000038,0.4819166912673031,-2300.587647392056
2026-04-29,1,2026-04-29 13:35:00,2026-04-29 23:59:55,113,4532.889,4561.659,4464.895665,4580.968675869123,4580.968675869123,-1.049388879743931,session_end,0.1,0.7000000000000001,286.9999999999953,0.42312970822801205,-2013.5876473920616
2026-04-30,-1,2026-04-30 08:05:00,2026-04-30 23:59:55,179,4626.742,4626.536,4696.1431299999995,4568.539609965637,4568.539609965637,1.268652457514719,session_end,0.1,0.7000000000000001,1.3600000000013095,0.0029682513814995965,-2012.227647392061
2026-05-01,-1,2026-05-01 14:15:00,2026-05-01 20:04:05,70,4656.352,4608.735027777777,4726.197279999999,4599.325566276801,4599.325566276801,1.2334185285587909,tp,0.1,0.7000000000000001,475.46972222223013,0.6817493211026331,-1536.7579251698317
2026-05-04,1,2026-05-04 10:10:00,2026-05-04 23:59:55,154,4547.433,4518.909,4479.2215049999995,4596.440855191258,4596.440855191258,-1.0637111785315068,session_end,0.1,0.7000000000000001,-285.9400000000034,-0.41816998733131633,-1822.6979251698358
2026-05-06,-1,2026-05-06 08:55:00,2026-05-06 12:19:10,41,4697.597,4661.267131519274,4768.060954999999,4645.779950155763,4645.779950155763,1.1149053635762607,tp,0.1,0.7000000000000001,362.59868480725964,0.515580887855732,-1460.099240362577
2026-05-06,-1,2026-05-06 14:20:00,2026-05-06 23:59:55,104,4712.993,4699.105,4783.687895,4665.370209302324,4665.370209302324,1.0268164914792381,session_end,0.1,0.7000000000000001,138.1800000000083,0.19644982852016263,-1321.9192403625693
2026-05-11,-1,2026-05-11 13:20:00,2026-05-11 23:59:55,116,4727.37,4767.795,4798.2805499999995,4677.20373125,4677.20373125,1.0720993061510071,session_end,0.1,0.7000000000000001,-404.9500000000018,-0.5700844232628348,-1726.8692403625719
2026-05-12,1,2026-05-12 15:20:00,2026-05-12 19:24:25,49,4662.672,4703.4763376436795,4592.731919999999,4710.24873731884,4710.24873731884,-1.0123401114901966,tp,0.1,0.7000000000000001,407.343376436799,0.5834185154446452,-1319.5258639257736
2026-05-15,1,2026-05-15 05:50:00,2026-05-15 20:57:55,182,4564.035,4539.882,4495.574474999999,4613.748642857142,4613.748642857142,-1.0798950422727758,session_end,0.1,0.7000000000000001,-242.23000000000246,-0.35280185187011204,-1561.7558639257768
2026-05-19,1,2026-05-19 13:30:00,2026-05-19 23:59:55,114,4492.438,4489.556,4425.05143,4546.761901234571,4546.761901234571,-1.1979712687348285,session_end,0.1,0.7000000000000001,-29.520000000005165,-0.04276816582296043,-1591.2758639257827
2026-05-20,-1,2026-05-20 14:55:00,2026-05-20 23:59:55,97,4529.404,4546.525,4597.34506,4483.1248268156405,4483.1248268156405,1.0347062590561162,session_end,0.1,0.7000000000000001,-171.90999999999184,-0.25199783459368147,-1763.1858639257753
2026-05-27,1,2026-05-27 10:50:00,2026-05-27 23:59:55,146,4448.779,4447.245,4382.047315000001,4498.713653846155,4498.713653846155,-1.109798437681619,session_end,0.1,0.7000000000000001,-16.040000000005602,-0.0229875807871563,-1779.2258639257816
2026-05-28,1,2026-05-28 03:40:00,2026-05-28 09:21:50,69,4374.322,4397.701741071428,4308.70717,4419.826704545455,4419.826704545455,-1.0349886455595574,tp,0.1,0.7000000000000001,233.09741071427817,0.35631794018863816,-1546.1284532115042
2026-05-28,-1,2026-05-28 14:15:00,2026-05-28 23:59:55,105,4464.264,4495.178,4531.227959999999,4399.327261208577,4399.327261208577,1.4755151171361245,session_end,0.1,0.7000000000000001,-309.8399999999976,-0.4616513121386513,-1855.9684532115025
2026-05-29,-1,2026-05-29 15:00:00,2026-05-29 20:57:55,72,4564.34,4540.567,4632.8051,4517.673440740743,4517.673440740743,1.035301906451826,session_end,0.1,0.7000000000000001,237.0300000000014,0.34722800375666335,-1618.9384532115018
2026-06-01,1,2026-06-01 13:25:00,2026-06-01 23:59:55,115,4466.166,4484.379,4399.1735100000005,4512.499465838509,4512.499465838509,-1.0291960406887213,session_end,0.1,0.7000000000000001,181.4299999999974,0.27186629426671316,-1437.5084532115052
2026-06-05,1,2026-06-05 13:00:00,2026-06-05 15:38:20,32,4406.486,4340.38871,4340.38871,4454.349346153849,4454.349346153849,-1.0775164322325106,sl,0.1,0.7000000000000001,-661.6728999999971,-1.0,-2099.181353211503
2026-06-05,1,2026-06-05 15:45:00,2026-06-05 20:57:55,63,4338.913,4328.864,4273.829304999999,4440.280059964727,4440.280059964727,-2.2869742131881163,session_end,0.1,0.7000000000000001,-101.18999999999978,-0.15440119065151323,-2200.3713532115034
2026-06-09,1,2026-06-09 14:45:00,2026-06-09 23:43:50,96,4284.976,4220.70136,4220.70136,4332.637866290016,4332.637866290016,-1.093210827947037,sl,0.1,0.7000000000000001,-643.4463999999964,-1.0,-2843.8177532115005
2026-06-10,1,2026-06-10 12:15:00,2026-06-10 13:45:45,19,4136.457,4180.361092929293,4074.4101450000003,4183.920011337868,4183.920011337868,-1.133960764290467,tp,0.1,0.7000000000000001,438.3409292929235,0.707595782724077,-2405.476823918578
2026-06-10,1,2026-06-10 15:00:00,2026-06-10 22:02:10,73,4124.908,4063.0343800000005,4063.0343800000005,4178.945775925926,4178.945775925926,-1.2956802703171844,sl,0.1,0.7000000000000001,-619.4361999999985,-1.0,-3024.913023918576
2026-06-10,1,2026-06-10 22:10:00,2026-06-10 23:59:55,22,4051.05,4047.346,3990.28425,4157.415975065618,4157.415975065618,-2.5535567213464274,session_end,0.1,0.7000000000000001,-37.740000000001785,-0.060955390166338386,-3062.6530239185777
2026-06-11,-1,2026-06-11 17:35:00,2026-06-11 19:30:55,24,4148.702,4210.93253,4210.93253,4084.1998641390205,4084.1998641390205,1.5819288480045959,sl,0.1,0.7000000000000001,-623.0052999999982,-1.0,-3685.6583239185766
2026-06-11,-1,2026-06-11 19:40:00,2026-06-11 23:59:55,40,4208.715,4219.96,4271.845725,4092.910444915255,4092.910444915255,2.8291250601048072,session_end,0.1,0.7000000000000001,-113.14999999999891,-0.17812245938882998,-3798.808323918576
2026-06-17,1,2026-06-17 18:15:00,2026-06-17 19:38:30,17,4284.652,4220.38222,4220.38222,4336.513095890411,4336.513095890411,-1.1979001271699141,sl,0.1,0.7000000000000001,-643.3977999999963,-1.0,-4442.206123918573
2026-06-17,1,2026-06-17 19:45:00,2026-06-17 23:59:55,39,4230.941,4277.931,4167.476885,4331.771790436006,4331.771790436006,-2.330912045249814,session_end,0.1,0.7000000000000001,469.19999999999783,0.7404184238604754,-3973.006123918576
2026-06-18,1,2026-06-18 11:00:00,2026-06-18 23:45:00,142,4255.933,4192.094005,4192.094005,4301.141345959594,4301.141345959594,-1.0554720784109775,sl,0.1,0.7000000000000001,-639.0899500000007,-1.0,-4612.0960739185775
2026-06-19,1,2026-06-19 04:55:00,2026-06-19 07:57:35,37,4128.065,4161.197382456141,4066.1440249999996,4172.9154858757065,4172.9154858757065,-1.074224628498545,tp,0.1,0.7000000000000001,330.62382456141387,0.5350752706355381,-4281.472249357164
2026-06-23,1,2026-06-23 07:55:00,2026-06-23 13:48:45,71,4100.965,4132.55524040404,4039.450525,4144.273522807018,4144.273522807018,-1.0508602428712286,tp,0.1,0.7000000000000001,315.20240404039833,0.5135415754428508,-3966.269845316767
2026-06-24,1,2026-06-24 12:30:00,2026-06-24 23:59:55,126,4015.475,4012.41,3955.242875,4072.204902222221,4072.204902222221,-1.397618822941904,session_end,0.1,0.7000000000000001,-31.350000000000545,-0.05088646631677124,-3997.619845316767
2026-06-25,-1,2026-06-25 13:05:00,2026-06-25 23:59:55,119,4029.111,4014.811,4089.5476649999996,3987.884607218681,3987.884607218681,1.0333647244136304,session_end,0.1,0.7000000000000001,142.29999999999728,0.23661133518866062,-3855.3198453167697
2026-06-26,-1,2026-06-26 14:00:00,2026-06-26 20:57:55,84,4073.754,4088.42,4134.860309999999,4027.827365079368,4027.827365079368,1.1382224401697596,session_end,0.1,0.7000000000000001,-147.36000000000166,-0.240007946806154,-4002.679845316772
2026-06-29,1,2026-06-29 14:15:00,2026-06-29 23:59:55,105,4009.03,4015.108,3948.89455,4053.1209239766085,4053.1209239766085,-1.0875057715614014,session_end,0.1,0.7000000000000001,60.07999999999974,0.10107183034299988,-3942.599845316772
2026-06-30,-1,2026-06-30 06:35:00,2026-06-30 20:31:20,168,4030.269,4011.8418970189714,4090.7230349999995,3978.9412151898737,3978.9412151898737,1.2895336230213206,tp,0.1,0.7000000000000001,183.57102981028385,0.30481179595420654,-3759.028815506488
2026-07-01,-1,2026-07-01 11:20:00,2026-07-01 13:43:35,29,4022.799,4083.1409849999995,4083.1409849999995,3980.7692401960776,3980.7692401960776,1.0581060408778575,sl,0.1,0.7000000000000001,-604.1198499999957,-1.0,-4363.148665506484
2026-07-01,-1,2026-07-01 13:50:00,2026-07-01 23:59:55,110,4090.062,4035.329,4151.4129299999995,3990.269122489961,3990.269122489961,2.503612524452993,session_end,0.1,0.7000000000000001,546.6299999999972,0.8921299155530336,-3816.5186655064863
2026-07-02,-1,2026-07-02 12:35:00,2026-07-02 23:59:55,125,4127.152,4126.335,4189.0592799999995,4063.361121412803,4063.361121412803,1.5768443087558828,session_end,0.1,0.7000000000000001,7.470000000000073,0.013197155488013923,-3809.048665506487
2026-07-03,-1,2026-07-03 01:25:00,2026-07-03 05:48:10,53,4191.959,4171.9656231884055,4254.838384999999,4147.754607843137,4147.754607843137,1.0681777575048421,tp,0.1,0.7000000000000001,199.23376811594318,0.3179639370136102,-3609.8148973905445
2026-07-07,1,2026-07-07 19:20:00,2026-07-07 23:59:55,44,4098.825,4098.656,4037.3426249999998,4140.560774425287,4140.560774425287,-1.0075633881035726,session_end,0.1,0.7000000000000001,-2.3899999999986905,-0.0027487552326966695,-3612.204897390544
2026-07-08,1,2026-07-08 08:40:00,2026-07-08 18:46:30,122,4067.303,4085.6538459259273,4006.293455,4118.339477564103,4118.339477564103,-1.2373306727555824,tp,0.1,0.7000000000000001,182.8084592592739,0.30078647408249676,-3429.3964381312708
2026-07-13,1,2026-07-13 14:20:00,2026-07-13 23:59:55,104,4021.645,4000.993,3961.320325,4064.4819689922488,4064.4819689922488,-1.0533684075578265,session_end,0.1,0.7000000000000001,-207.22000000000043,-0.3423474722408384,-3636.616438131272
2026-07-14,-1,2026-07-14 12:35:00,2026-07-14 23:59:55,125,4095.965,4053.283,4157.404474999999,4018.049207505521,4018.049207505521,1.943773917666032,session_end,0.1,0.7000000000000001,426.12000000000245,0.6946999465734495,-3210.4964381312693
2026-07-16,1,2026-07-16 13:00:00,2026-07-16 23:59:55,120,3992.34,3985.862,3932.4549,4033.1903525641005,4033.1903525641005,-1.0088874813020325,session_end,0.1,0.7000000000000001,-65.48000000000066,-0.10817381953106982,-3275.9764381312707
2026-07-21,-1,2026-07-21 06:50:00,2026-07-21 12:43:40,71,4082.903,4052.1338991228054,4144.146545,4041.075467479675,4041.075467479675,1.0359997692999152,tp,0.1,0.7000000000000001,306.99100877194434,0.5024056147826604,-2968.985429359327
2026-07-23,1,2026-07-23 12:50:00,2026-07-23 23:59:55,122,4065.908,4046.985,4004.91938,4109.51692857143,4109.51692857143,-1.0593441839540827,session_end,0.1,0.7000000000000001,-189.92999999999773,-0.3102709980976738,-3158.9154293593256
2026-07-29,-1,2026-07-29 18:10:00,2026-07-29 23:59:55,58,4076.514,4084.914,4137.661709999999,4027.545207951073,4027.545207951073,1.218677619112242,session_end,0.1,0.7000000000000001,-84.70000000000091,-0.1373722744482204,-3243.6154293593263
2026-07-30,-1,2026-07-30 14:00:00,2026-07-30 23:59:55,108,4112.19,4106.003,4173.872849999999,4064.9825476190445,4064.9825476190445,1.1595487023324191,session_end,0.1,0.7000000000000001,61.16999999999898,0.10030340686268509,-3182.445429359328
2026-07-31,1,2026-07-31 13:40:00,2026-07-31 20:57:55,88,4027.917,4043.897,3967.4982449999998,4070.1738699186994,4070.1738699186994,-1.0379377213077978,session_end,0.1,0.7000000000000001,159.1000000000002,0.26448740958002165,-3023.3454293593277
